0, 0, 2411, 16.68
0, 0, 2411, 16.67
0, 0, 2411, 16.61
95, 0, 2496, 37.82
96, 0, 2496, 46.79
96, 0, 2496, 46.96
95, 0, 2489, 45.84
96, 0, 2496, 42.90
96, 0, 2496, 46.99
96, 0, 2496, 47.07
96, 0, 2496, 46.90
96, 0, 2496, 47.21
96, 0, 2496, 47.29
96, 0, 2496, 47.17
95, 0, 2476, 47.22
96, 0, 2476, 47.27
96, 0, 2476, 47.45
96, 0, 2476, 47.49
96, 0, 2476, 47.49
96, 0, 2476, 47.41
95, 0, 2476, 47.50
96, 0, 2476, 47.48
95, 0, 2476, 47.42
96, 0, 2476, 47.56
95, 0, 2476, 47.44
96, 0, 2476, 47.67
95, 0, 2476, 47.64
96, 0, 2476, 47.77
95, 0, 2476, 47.75
96, 0, 2476, 47.88
96, 0, 2476, 47.10
95, 0, 2470, 44.18
0, 0, 2411, 22.60
0, 0, 2411, 17.13
0, 0, 2411, 17.03
0, 0, 2411, 16.99
0, 0, 2411, 16.91
0, 0, 2411, 16.88
0, 0, 2411, 16.82
0, 0, 2411, 16.74
0, 0, 2411, 16.73
0, 0, 2411, 16.68
0, 0, 2411, 16.62
0, 0, 2411, 16.59
0, 0, 2411, 16.59
0, 0, 2411, 16.54
0, 0, 2411, 16.50
0, 0, 2411, 16.47
0, 0, 2411, 16.42
0, 0, 2411, 16.39
0, 0, 2411, 16.38
0, 0, 2411, 16.35
0, 0, 2411, 16.31
0, 0, 2411, 16.25
0, 0, 2411, 16.21
0, 0, 2411, 16.19
0, 0, 2411, 16.18
0, 0, 2411, 16.18
0, 0, 2411, 16.14
0, 0, 2411, 16.13
0, 0, 2411, 16.06
0, 0, 2411, 16.05
0, 0, 2411, 16.03
0, 0, 2411, 16.05
0, 0, 2411, 16.05
0, 0, 2405, 15.74
0, 0, 2405, 15.73
0, 0, 2405, 15.66
0, 0, 2405, 15.64
0, 0, 2405, 15.61
0, 0, 2405, 15.58
0, 0, 2405, 15.56
0, 0, 2405, 15.59
0, 0, 2405, 15.57
0, 0, 2405, 15.49
0, 0, 2405, 15.49
0, 0, 2405, 15.48
0, 0, 2405, 15.47
0, 0, 2405, 15.45
0, 0, 2405, 15.42
0, 0, 2405, 15.41
0, 0, 2405, 15.44
0, 0, 2405, 15.39
0, 0, 2405, 15.40
0, 0, 2405, 15.37
0, 0, 2405, 15.33
0, 0, 2405, 15.35
0, 0, 2405, 15.28
0, 0, 2405, 15.15
0, 0, 2405, 15.13
0, 0, 2405, 15.10
0, 0, 2405, 15.10
0, 0, 2405, 15.09
0, 0, 2405, 15.08
0, 0, 2405, 15.08
0, 0, 2405, 15.00
0, 0, 2405, 15.02
0, 0, 2405, 15.01
0, 0, 2405, 14.99
0, 0, 2405, 14.99
0, 0, 2405, 14.96
0, 0, 2405, 14.97
0, 0, 2405, 14.94
0, 0, 2405, 14.93
0, 0, 2405, 14.94
0, 0, 2405, 14.90
0, 0, 2405, 14.89
0, 0, 2405, 14.88
0, 0, 2405, 14.87
0, 0, 2405, 14.86
0, 0, 2405, 14.86
0, 0, 2405, 14.84
0, 0, 2405, 14.82
0, 0, 2405, 14.80
0, 0, 2405, 14.78
0, 0, 2405, 14.78
0, 0, 2405, 14.78
0, 0, 2405, 14.76
0, 0, 2405, 14.76
0, 0, 2405, 14.75
0, 0, 2405, 14.73
0, 0, 2405, 14.72
0, 0, 2405, 14.69
0, 0, 2405, 14.70
0, 0, 2405, 14.74
0, 0, 2405, 14.75
0, 0, 2405, 14.89
14, 0, 2405, 15.01
0, 0, 2405, 15.86
0, 0, 2405, 15.20
0, 0, 513, 12.92
0, 0, 208, 7.11
0, 0, 208, 7.08
0, 0, 208, 7.08
0, 0, 208, 6.39
0, 0, 208, 6.31
0, 0, 208, 6.18
0, 0, 208, 6.19
0, 0, 208, 6.15
0, 0, 208, 6.28
0, 0, 208, 6.16
0, 0, 208, 6.14
0, 0, 208, 6.16
0, 0, 208, 6.22
0, 0, 208, 6.27
0, 0, 208, 6.26
0, 0, 208, 6.23
0, 0, 208, 6.07
0, 0, 208, 6.12
0, 0, 208, 6.18
0, 0, 208, 6.18
0, 0, 208, 6.20
0, 0, 208, 6.12
0, 0, 208, 6.07
0, 0, 208, 6.08
0, 0, 208, 6.14
0, 0, 208, 6.11
0, 0, 208, 6.08
0, 0, 201, 6.11
0, 0, 208, 6.05
0, 0, 208, 6.06
0, 0, 208, 6.03
0, 0, 208, 6.02
0, 0, 208, 6.04
0, 0, 208, 6.13
0, 0, 208, 6.07
0, 0, 208, 6.05
0, 0, 208, 6.04
0, 0, 208, 6.01
0, 0, 208, 5.99
0, 0, 208, 5.99
0, 0, 208, 5.99
0, 0, 208, 6.05
0, 0, 208, 6.01
0, 0, 208, 6.02
0, 0, 208, 6.00
0, 0, 208, 6.00
0, 0, 208, 5.95
0, 0, 208, 6.04
0, 0, 208, 6.02
0, 0, 208, 5.99
0, 0, 208, 5.97
0, 0, 208, 6.01
0, 0, 208, 6.00
0, 0, 208, 5.97
0, 0, 208, 5.95
0, 0, 208, 5.96
0, 0, 208, 5.95
0, 0, 208, 5.98
0, 0, 208, 5.89
0, 0, 208, 5.96
0, 0, 208, 5.92
0, 0, 208, 5.91
0, 0, 208, 5.91
0, 0, 208, 5.94
0, 0, 208, 5.97
0, 0, 208, 5.97
0, 0, 208, 5.93
0, 0, 208, 5.90
0, 0, 208, 5.85
0, 0, 208, 5.86
0, 0, 208, 5.90
0, 0, 208, 5.94
0, 0, 208, 5.90
0, 0, 208, 5.87
0, 0, 208, 5.86
0, 0, 208, 5.86
0, 0, 208, 5.86
0, 0, 208, 5.90
0, 0, 208, 5.90
0, 0, 208, 5.95
0, 0, 208, 5.85
0, 0, 208, 5.85
0, 0, 208, 5.84
0, 0, 208, 5.86
0, 0, 208, 5.84
0, 0, 208, 5.85
0, 0, 208, 5.85
0, 0, 208, 5.89
0, 0, 208, 5.92
0, 0, 208, 5.88
0, 0, 208, 5.85
0, 0, 208, 5.99
0, 0, 208, 5.93
0, 0, 208, 5.85
0, 0, 208, 5.85
0, 0, 208, 5.84
0, 0, 208, 5.82
0, 0, 208, 5.82
0, 0, 208, 5.82
0, 0, 208, 5.83
0, 0, 208, 5.82
0, 0, 208, 5.85
0, 0, 208, 5.82
0, 0, 208, 5.82
0, 0, 208, 5.81
0, 0, 208, 5.85
0, 0, 208, 5.80
0, 0, 208, 5.82
0, 0, 208, 5.81
0, 0, 208, 5.86
0, 0, 208, 5.91
0, 0, 208, 5.90
0, 0, 208, 5.92
0, 0, 208, 5.84
0, 0, 208, 5.83
0, 0, 208, 5.84
0, 0, 227, 6.23
0, 0, 208, 6.04
0, 0, 208, 6.06
0, 0, 208, 5.90
0, 0, 2405, 9.31
0, 0, 2405, 13.77
0, 0, 695, 11.97
0, 0, 208, 6.64
0, 0, 208, 6.62
0, 0, 208, 6.62
0, 0, 208, 6.27
0, 0, 208, 6.19
0, 0, 208, 5.82
0, 0, 208, 6.00
0, 0, 208, 5.99
0, 0, 208, 5.80
0, 0, 208, 5.74
0, 0, 208, 5.75
0, 0, 208, 5.76
0, 0, 208, 5.77
0, 0, 208, 5.76
0, 0, 208, 5.76
0, 0, 208, 5.74
0, 0, 208, 5.74
0, 0, 208, 5.73
0, 0, 208, 5.73
0, 0, 208, 5.74
0, 0, 208, 5.80
0, 0, 208, 5.75
0, 0, 208, 5.71
0, 0, 208, 5.72
0, 0, 208, 5.71
0, 0, 208, 5.71
0, 0, 208, 5.75
0, 0, 208, 5.78
0, 0, 208, 5.74
0, 0, 208, 5.74
0, 0, 208, 5.94
0, 0, 208, 5.81
0, 0, 208, 5.84
0, 0, 208, 5.75
0, 0, 208, 5.84
0, 0, 208, 5.83
0, 0, 851, 6.28
0, 0, 858, 7.07
0, 0, 208, 6.87
0, 0, 208, 6.66
0, 0, 208, 6.67
0, 0, 208, 6.30
0, 0, 208, 6.30
0, 0, 208, 6.30
0, 0, 208, 6.25
0, 0, 208, 6.25
0, 0, 208, 6.07
0, 0, 208, 5.97
0, 0, 208, 6.01
0, 0, 208, 6.05
0, 0, 208, 5.95
0, 0, 208, 5.92
0, 0, 208, 5.95
0, 0, 208, 6.02
0, 0, 208, 6.05
0, 0, 208, 5.91
0, 0, 208, 5.91
0, 0, 208, 5.92
0, 0, 208, 6.16
0, 0, 208, 5.78
0, 0, 208, 5.77
0, 0, 208, 5.75
0, 0, 208, 5.74
0, 0, 208, 5.79
0, 0, 208, 5.87
0, 0, 208, 5.97
0, 0, 208, 5.96
0, 0, 208, 5.88
0, 0, 208, 5.83
0, 0, 208, 5.78
0, 0, 208, 5.71
0, 0, 208, 5.72
0, 0, 208, 5.72
0, 0, 208, 5.71
0, 0, 208, 5.74
0, 0, 208, 5.71
0, 0, 208, 5.76
0, 0, 208, 5.74
0, 0, 201, 5.72
1, 0, 2411, 8.65
0, 0, 2411, 13.70
0, 0, 2411, 13.78
1, 0, 2411, 13.81
19, 0, 2424, 15.56
14, 0, 2431, 16.15
11, 0, 2431, 16.10
2, 0, 2405, 15.44
2, 0, 2405, 14.06
2, 0, 2405, 14.04
2, 0, 2405, 14.04
1, 0, 2405, 13.82
1, 0, 2405, 13.75
1, 0, 2405, 13.73
1, 0, 2405, 13.78
1, 0, 2405, 13.80
1, 0, 2405, 13.73
1, 0, 2405, 13.71
2, 0, 2405, 13.83
1, 0, 2405, 13.83
1, 0, 2405, 13.76
1, 0, 2405, 13.76
2, 0, 2405, 13.87
1, 0, 2405, 13.83
1, 0, 2405, 13.80
1, 0, 2405, 13.81
1, 0, 2405, 13.82
1, 0, 2405, 13.90
1, 0, 2405, 13.80
1, 0, 2405, 13.81
1, 0, 2405, 13.83
1, 0, 2405, 13.92
1, 0, 2405, 13.82
1, 0, 2405, 13.84
1, 0, 2405, 13.83
1, 0, 2405, 13.94
1, 0, 2405, 13.80
1, 0, 2405, 13.81
1, 0, 2405, 13.81
2, 0, 2405, 13.90
1, 0, 2405, 13.87
1, 0, 2405, 13.84
1, 0, 2405, 13.83
2, 0, 2411, 13.90
1, 0, 2405, 13.91
1, 0, 2405, 13.86
1, 0, 2405, 13.81
1, 0, 2405, 13.80
1, 0, 2405, 13.94
1, 0, 2405, 13.84
1, 0, 2405, 13.83
1, 0, 2405, 13.83
1, 0, 2405, 13.93
1, 0, 2405, 13.90
1, 0, 2405, 13.85
1, 0, 2405, 13.84
1, 0, 2405, 13.87
1, 0, 2405, 13.93
1, 0, 2405, 13.84
1, 0, 2405, 13.85
1, 0, 2405, 13.85
1, 0, 2405, 13.98
1, 0, 2405, 13.87
1, 0, 2405, 13.89
1, 0, 2405, 13.93
1, 0, 2405, 13.95
1, 0, 2405, 14.05
1, 0, 2405, 13.89
1, 0, 2405, 13.98
1, 0, 2405, 13.93
1, 0, 2405, 13.95
1, 0, 2405, 13.86
1, 0, 2405, 13.88
1, 0, 2405, 13.85
1, 0, 2405, 13.93
1, 0, 2405, 13.86
1, 0, 2405, 13.86
1, 0, 2405, 13.87
1, 0, 2405, 14.01
1, 0, 2405, 13.90
1, 0, 2405, 13.89
1, 0, 2405, 13.90
1, 0, 2405, 14.00
1, 0, 2405, 13.90
1, 0, 2405, 13.91
1, 0, 2405, 13.91
1, 0, 2405, 14.03
1, 0, 2405, 13.95
1, 0, 2405, 13.92
2, 0, 2405, 13.93
1, 0, 2405, 14.00
1, 0, 2405, 13.94
1, 0, 2405, 13.91
1, 0, 2405, 13.85
1, 0, 2405, 13.94
1, 0, 2405, 13.96
1, 0, 2405, 13.90
1, 0, 2405, 13.87
1, 0, 2405, 13.85
1, 0, 2405, 13.95
1, 0, 2405, 13.88
1, 0, 2405, 13.90
1, 0, 2405, 13.87
1, 0, 2405, 13.89
1, 0, 2405, 14.02
2, 0, 2405, 13.96
1, 0, 2405, 13.98
1, 0, 2405, 13.91
2, 0, 2405, 14.04
1, 0, 2405, 13.93
1, 0, 2405, 13.93
1, 0, 2405, 13.99
1, 0, 2405, 14.08
1, 0, 2405, 13.97
1, 0, 2405, 13.95
1, 0, 2405, 13.98
1, 0, 2405, 14.11
2, 0, 2405, 14.01
1, 0, 2405, 14.14
0, 0, 2405, 14.54
0, 0, 2405, 13.95
1, 0, 2405, 14.37
1, 0, 2405, 14.06
1, 0, 2405, 14.07
0, 0, 2405, 14.13
0, 0, 2405, 14.54
2, 0, 2405, 14.73
0, 0, 2405, 14.91
0, 0, 2405, 14.56
0, 0, 2405, 14.70
1, 0, 2405, 14.60
1, 0, 2405, 14.32
1, 0, 2405, 14.14
1, 0, 2405, 14.15
1, 0, 2405, 14.25
2, 0, 2405, 14.29
1, 0, 2405, 14.20
1, 0, 2405, 14.12
1, 0, 2405, 14.23
1, 0, 2405, 14.12
1, 0, 2405, 14.13
1, 0, 2405, 14.14
1, 0, 2405, 14.26
1, 0, 2405, 14.11
1, 0, 2405, 14.13
2, 0, 2405, 14.14
1, 0, 2405, 14.20
1, 0, 2405, 14.11
1, 0, 2405, 14.11
1, 0, 2405, 14.10
1, 0, 2405, 14.16
1, 0, 2405, 14.17
1, 0, 2405, 14.10
1, 0, 2405, 14.10
1, 0, 2405, 14.10
1, 0, 2405, 14.18
2, 0, 2405, 14.12
1, 0, 2405, 14.12
1, 0, 2405, 14.14
1, 0, 2405, 14.24
2, 0, 2405, 14.11
1, 0, 2405, 14.11
1, 0, 2405, 14.12
1, 0, 2405, 14.21
1, 0, 2405, 14.12
1, 0, 2405, 14.13
1, 0, 2405, 14.11
1, 0, 2405, 14.23
2, 0, 2405, 14.16
1, 0, 2405, 14.14
1, 0, 2405, 14.11
1, 0, 2405, 14.23
1, 0, 2405, 14.13
1, 0, 2405, 14.14
1, 0, 2405, 14.13
1, 0, 2405, 14.26
1, 0, 2405, 14.14
1, 0, 2405, 14.13
1, 0, 2405, 14.15
1, 0, 2405, 14.23
1, 0, 2405, 14.15
1, 0, 2405, 14.16
1, 0, 2405, 14.16
1, 0, 2405, 14.27
1, 0, 2405, 14.18
1, 0, 2405, 14.69
0, 0, 2405, 15.33
0, 0, 2405, 15.38
1, 0, 2405, 14.62
1, 0, 2405, 14.29
1, 0, 2405, 14.15
1, 0, 2405, 14.15
1, 0, 2405, 14.21
1, 0, 2405, 14.27
1, 0, 2405, 14.18
1, 0, 2405, 14.16
1, 0, 2405, 14.17
0, 0, 2405, 14.01
0, 0, 2405, 13.86
4, 0, 2450, 17.11
86, 0, 2483, 44.87
95, 0, 2502, 41.46
69, 0, 2496, 43.56
90, 0, 2489, 43.21
82, 0, 2509, 42.00
87, 0, 2483, 44.84
96, 0, 2502, 41.69
71, 0, 2489, 44.17
91, 0, 2489, 43.13
77, 0, 2502, 42.44
88, 0, 2489, 44.69
96, 0, 2509, 41.65
81, 0, 2483, 44.95
92, 0, 2496, 42.69
74, 0, 2502, 43.20
89, 0, 2483, 44.43
0, 0, 2405, 28.02
0, 0, 2405, 14.92
0, 0, 2405, 14.36
0, 0, 2405, 14.33
0, 0, 2405, 14.30
0, 0, 2405, 14.30
0, 0, 2405, 14.28
0, 0, 2405, 14.25
0, 0, 2405, 14.26
0, 0, 2405, 14.24
0, 0, 2405, 14.22
0, 0, 2405, 14.43
0, 0, 2405, 14.42
0, 0, 2405, 14.24
0, 0, 2405, 14.26
0, 0, 2405, 14.31
0, 0, 2405, 14.67
0, 0, 2405, 14.28
0, 0, 2405, 14.22
0, 0, 2405, 14.21
0, 0, 2405, 14.20
0, 0, 2405, 14.18
0, 0, 2405, 14.18
0, 0, 2405, 14.19
0, 0, 2405, 14.18
0, 0, 2405, 14.15
1, 0, 2405, 14.33
2, 0, 2405, 14.44
1, 0, 2405, 14.43
1, 0, 2405, 14.42
1, 0, 2405, 14.56
1, 0, 2405, 14.43
1, 0, 2405, 14.40
1, 0, 2405, 14.40
1, 0, 2405, 14.48
1, 0, 2405, 14.43
2, 0, 2405, 14.46
1, 0, 2405, 14.49
24, 0, 2418, 15.56
11, 0, 2431, 26.28
58, 0, 2431, 28.82
0, 0, 2405, 22.98
0, 0, 2444, 14.78
0, 0, 2411, 14.26
0, 0, 2405, 14.15
0, 0, 2405, 14.13
0, 0, 2405, 14.13
0, 0, 2405, 14.09
0, 0, 2405, 14.10
0, 0, 2405, 14.34
0, 0, 2411, 14.71
0, 0, 2405, 14.05
0, 0, 2405, 15.13
0, 0, 2405, 14.37
0, 0, 2405, 14.24
0, 0, 2405, 14.25
0, 0, 2405, 14.23
0, 0, 2405, 14.22
71, 0, 2424, 17.84
0, 0, 2405, 14.39
96, 0, 2496, 35.47
96, 0, 2489, 58.64
96, 0, 2489, 58.35
96, 0, 2489, 58.05
96, 0, 2489, 57.05
0, 0, 2405, 14.65
12, 0, 2405, 16.81
0, 0, 2405, 14.48
0, 0, 2405, 14.38
0, 0, 2405, 14.37
0, 0, 2405, 14.35
5, 0, 2405, 15.01
0, 0, 2411, 14.83
0, 0, 2405, 14.42
0, 0, 2405, 14.37
0, 0, 2405, 14.39
0, 0, 2405, 14.32
0, 0, 2418, 14.65
50, 0, 2450, 18.58
63, 0, 2522, 31.91
0, 0, 2405, 17.01
0, 0, 2405, 14.38
0, 0, 2405, 14.37
0, 0, 2405, 14.37
0, 0, 2405, 14.36
92, 0, 2411, 15.89
0, 0, 2411, 24.50
0, 0, 2405, 14.43
0, 0, 2405, 14.41
0, 0, 2405, 14.39
0, 0, 2405, 14.38
0, 0, 2405, 14.36
4, 0, 2483, 21.40
0, 0, 2483, 25.77
0, 0, 2405, 15.51
0, 0, 2405, 14.56
63, 0, 2405, 15.96
0, 0, 2405, 14.42
0, 0, 2405, 14.33
0, 0, 2405, 14.34
0, 0, 2405, 14.32
0, 0, 2405, 14.34
0, 0, 2405, 14.35
0, 0, 2405, 14.34
0, 0, 2405, 14.34
0, 0, 2405, 14.32
0, 0, 2405, 14.33
0, 0, 2405, 14.29
96, 0, 2418, 17.40
0, 0, 2431, 23.55
96, 0, 2489, 30.15
96, 0, 2496, 55.09
96, 0, 2489, 56.26
96, 0, 2496, 54.48
96, 0, 2483, 55.92
6, 0, 2496, 48.71
96, 0, 2515, 38.99
96, 0, 2515, 41.29
44, 0, 2515, 31.78
21, 0, 2483, 26.89
0, 0, 2450, 23.38
0, 0, 2483, 22.93
0, 0, 2405, 14.75
0, 0, 2405, 14.73
0, 0, 2405, 14.69
0, 0, 2405, 14.69
0, 0, 2405, 14.72
0, 0, 2405, 14.69
0, 0, 2405, 14.69
0, 0, 2405, 14.68
0, 0, 2405, 14.65
0, 0, 2405, 14.63
0, 0, 2405, 14.63
0, 0, 2405, 14.62
0, 0, 2405, 14.60
0, 0, 2405, 14.62
0, 0, 2405, 14.62
0, 0, 2405, 14.62
0, 0, 2405, 14.51
0, 0, 2405, 14.49
0, 0, 2405, 14.49
0, 0, 2405, 14.48
0, 0, 2405, 14.48
0, 0, 2405, 14.47
0, 0, 2405, 14.46
0, 0, 2405, 14.46
0, 0, 2405, 14.43
0, 0, 2405, 14.44
0, 0, 2405, 14.43
0, 0, 2405, 14.43
0, 0, 2405, 14.42
0, 0, 2405, 14.40
0, 0, 2405, 14.39
0, 0, 2405, 14.39
0, 0, 2405, 14.38
0, 0, 2405, 14.46
0, 0, 2405, 14.42
0, 0, 2405, 14.40
0, 0, 2405, 14.39
0, 0, 2405, 14.40
0, 0, 2405, 14.41
68, 0, 2502, 31.86
0, 0, 2405, 14.51
0, 0, 2405, 14.37
0, 0, 2405, 14.41
0, 0, 2405, 14.45
0, 0, 2405, 14.22
0, 0, 2405, 14.21
0, 0, 2405, 14.16
0, 0, 2405, 14.16
0, 0, 2405, 14.17
0, 0, 2405, 14.15
0, 0, 2405, 14.13
0, 0, 2405, 14.12
0, 0, 2405, 14.12
0, 0, 2405, 14.11
0, 0, 2405, 14.10
0, 0, 2405, 14.07
0, 0, 2405, 14.06
0, 0, 2405, 14.06
0, 0, 2405, 14.07
0, 0, 2405, 14.05
0, 0, 2405, 14.03
0, 0, 2405, 14.02
0, 0, 2405, 14.04
0, 0, 2405, 14.05
0, 0, 2405, 14.00
0, 0, 2405, 13.89
0, 0, 2405, 13.89
0, 0, 2405, 13.89
0, 0, 2405, 13.89
0, 0, 2405, 13.88
0, 0, 2405, 13.86
0, 0, 2405, 13.85
0, 0, 2405, 13.86
0, 0, 2405, 13.85
0, 0, 2405, 13.86
0, 0, 2405, 13.86
0, 0, 2405, 13.84
0, 0, 2405, 13.86
0, 0, 2405, 13.81
0, 0, 2405, 13.81
0, 0, 2405, 13.80
0, 0, 2405, 13.79
0, 0, 2405, 13.81
0, 0, 2405, 13.79
0, 0, 2405, 13.77
0, 0, 2405, 13.78
0, 0, 2405, 13.78
0, 0, 2405, 13.77
0, 0, 2405, 13.76
0, 0, 2405, 13.78
0, 0, 2405, 13.78
0, 0, 2405, 13.77
0, 0, 2405, 13.73
0, 0, 2405, 13.74
0, 0, 2405, 13.75
0, 0, 2405, 13.74
0, 0, 2405, 13.74
0, 0, 2405, 13.73
0, 0, 2405, 13.73
0, 0, 2405, 13.75
0, 0, 2405, 13.74
0, 0, 2405, 13.74
0, 0, 2405, 13.73
0, 0, 2405, 13.74
0, 0, 2405, 13.72
0, 0, 2405, 13.69
0, 0, 2405, 13.71
0, 0, 2405, 13.69
0, 0, 2405, 13.70
0, 0, 2405, 13.69
0, 0, 2405, 13.71
0, 0, 2405, 13.68
0, 0, 2405, 13.66
0, 0, 2405, 13.66
0, 0, 2405, 13.67
0, 0, 2405, 13.69
0, 0, 2405, 13.56
0, 0, 2405, 13.58
0, 0, 2405, 13.58
0, 0, 2405, 13.56
0, 0, 2405, 13.56
0, 0, 2405, 13.55
0, 0, 2405, 13.58
0, 0, 2405, 13.58
0, 0, 2405, 13.59
0, 0, 2405, 13.59
0, 0, 2405, 13.58
0, 0, 2405, 13.55
0, 0, 2405, 13.55
0, 0, 2405, 13.55
0, 0, 2405, 13.54
0, 0, 2405, 13.56
0, 0, 2405, 13.54
0, 0, 2405, 13.55
0, 0, 2405, 13.55
0, 0, 2405, 13.52
0, 0, 2405, 13.52
0, 0, 2405, 13.50
0, 0, 2405, 13.52
0, 0, 2405, 13.56
0, 0, 2405, 13.52
0, 0, 2405, 13.52
0, 0, 2405, 13.53
0, 0, 2405, 13.53
0, 0, 2405, 13.52
0, 0, 2405, 13.53
0, 0, 2405, 13.53
0, 0, 2405, 13.54
0, 0, 2405, 13.51
0, 0, 2405, 13.52
0, 0, 2405, 13.52
0, 0, 2405, 13.52
0, 0, 2405, 13.49
0, 0, 2405, 13.52
0, 0, 2405, 13.51
0, 0, 2405, 13.50
0, 0, 2405, 13.48
0, 0, 2405, 13.50
0, 0, 2405, 13.51
0, 0, 2405, 13.49
0, 0, 2405, 13.51
0, 0, 2405, 13.49
0, 0, 2405, 13.48
0, 0, 2405, 13.49
0, 0, 2405, 13.50
0, 0, 2405, 13.49
0, 0, 2405, 13.48
0, 0, 2405, 13.47
0, 0, 2405, 13.48
0, 0, 2405, 13.49
0, 0, 2405, 13.48
0, 0, 2405, 13.49
0, 0, 2405, 13.50
0, 0, 2405, 13.48
0, 0, 2405, 13.47
0, 0, 2405, 13.47
0, 0, 2405, 13.49
0, 0, 2405, 13.48
0, 0, 2405, 13.50
0, 0, 2405, 13.48
0, 0, 2405, 13.48
0, 0, 2405, 13.47
0, 0, 2405, 13.47
0, 0, 2405, 13.45
0, 0, 2405, 13.46
0, 0, 2405, 13.47
0, 0, 2405, 13.48
0, 0, 2405, 13.47
0, 0, 2405, 13.46
0, 0, 2405, 13.45
0, 0, 2405, 13.46
0, 0, 2405, 13.43
0, 0, 2405, 13.44
0, 0, 2405, 13.45
0, 0, 2405, 13.45
0, 0, 2405, 13.47
0, 0, 2405, 13.45
0, 0, 2405, 13.46
0, 0, 2405, 13.44
0, 0, 2405, 13.45
0, 0, 2405, 13.43
0, 0, 2405, 13.44
0, 0, 2405, 13.43
0, 0, 2405, 13.42
0, 0, 2405, 13.43
0, 0, 2405, 13.42
0, 0, 2405, 13.40
0, 0, 2405, 13.43
0, 0, 2405, 13.42
0, 0, 2405, 13.40
0, 0, 2405, 13.42
0, 0, 2405, 13.40
0, 0, 2405, 13.40
0, 0, 2405, 13.40
0, 0, 2405, 13.38
0, 0, 2405, 13.40
0, 0, 2405, 13.40
0, 0, 2405, 13.41
0, 0, 2405, 13.40
0, 0, 2405, 13.42
0, 0, 2405, 13.41
0, 0, 2405, 13.39
0, 0, 2405, 13.38
0, 0, 2405, 13.39
0, 0, 2405, 13.39
0, 0, 2405, 13.37
0, 0, 2405, 13.38
0, 0, 2405, 13.39
0, 0, 2405, 13.40
0, 0, 2405, 13.38
0, 0, 2405, 13.39
0, 0, 2405, 13.39
0, 0, 2405, 13.38
0, 0, 2405, 13.37
0, 0, 2405, 13.36
0, 0, 2405, 13.39
0, 0, 2405, 13.40
0, 0, 2405, 13.42
0, 0, 2405, 13.40
0, 0, 2405, 13.40
0, 0, 2405, 13.39
0, 0, 2405, 13.40
0, 0, 2405, 13.40
0, 0, 2405, 13.36
0, 0, 2405, 13.39
0, 0, 2405, 13.38
0, 0, 2405, 13.34
0, 0, 2405, 13.35
0, 0, 2405, 13.35
0, 0, 2405, 13.34
0, 0, 2405, 13.31
0, 0, 2405, 13.34
0, 0, 2405, 13.34
0, 0, 2405, 13.34
0, 0, 2405, 13.32
0, 0, 2405, 13.31
0, 0, 2405, 13.34
0, 0, 2405, 13.35
69, 0, 2502, 22.55
95, 0, 2509, 43.67
96, 0, 2509, 43.01
96, 0, 2509, 43.02
95, 0, 2509, 43.14
96, 0, 2509, 43.20
95, 0, 2509, 43.32
96, 0, 2509, 43.53
95, 0, 2509, 43.43
96, 0, 2509, 43.55
95, 0, 2509, 43.57
96, 0, 2509, 43.57
96, 0, 2509, 43.64
95, 0, 2509, 43.64
96, 0, 2509, 43.71
96, 0, 2515, 43.78
95, 0, 2509, 43.64
96, 0, 2509, 43.90
95, 0, 2509, 43.83
96, 0, 2509, 43.96
95, 0, 2509, 43.85
96, 0, 2509, 44.05
96, 0, 2509, 44.10
94, 0, 2509, 43.92
96, 0, 2509, 43.58
96, 0, 2509, 43.23
96, 0, 2509, 42.36
94, 0, 2509, 42.45
95, 0, 2509, 42.05
95, 0, 2509, 41.66
94, 0, 2509, 41.60
95, 0, 2509, 41.34
95, 0, 2496, 38.50
95, 0, 2502, 38.67
95, 0, 2509, 39.76
95, 0, 2509, 44.41
95, 0, 2496, 44.61
96, 0, 2496, 44.74
95, 0, 2496, 44.56
96, 0, 2496, 44.79
95, 0, 2496, 44.63
96, 0, 2496, 44.64
96, 0, 2496, 44.21
95, 0, 2496, 44.33
96, 0, 2496, 44.38
96, 0, 2496, 44.30
95, 0, 2496, 44.42
96, 0, 2496, 44.57
96, 0, 2496, 44.35
95, 0, 2496, 44.51
96, 0, 2496, 44.65
95, 0, 2496, 44.61
96, 0, 2496, 44.76
96, 0, 2496, 44.59
95, 0, 2496, 44.53
96, 0, 2496, 44.79
96, 0, 2489, 43.82
96, 0, 2489, 41.88
96, 0, 2489, 41.60
95, 0, 2489, 41.70
96, 0, 2489, 43.23
96, 0, 2496, 45.09
96, 0, 2496, 45.50
95, 0, 2496, 45.64
96, 0, 2496, 45.75
96, 0, 2496, 45.59
96, 0, 2496, 45.88
96, 0, 2496, 45.70
95, 0, 2496, 45.77
96, 0, 2496, 45.89
95, 0, 2496, 45.88
96, 0, 2496, 46.09
96, 0, 2496, 45.82
96, 0, 2496, 46.04
96, 0, 2496, 46.06
95, 0, 2496, 45.99
96, 0, 2496, 46.19
96, 0, 2496, 46.11
95, 0, 2496, 46.24
96, 0, 2496, 46.28
96, 0, 2496, 46.18
95, 0, 2496, 46.01
95, 0, 2496, 46.30
96, 0, 2496, 46.25
94, 0, 2496, 46.19
94, 0, 2496, 45.93
96, 0, 2496, 46.33
96, 0, 2496, 46.33
96, 0, 2496, 46.12
95, 0, 2496, 46.28
96, 0, 2496, 46.53
96, 0, 2496, 46.46
96, 0, 2496, 46.46
94, 0, 2496, 46.27
95, 0, 2496, 46.39
96, 0, 2496, 46.61
96, 0, 2496, 46.49
95, 0, 2496, 46.46
96, 0, 2496, 46.51
96, 0, 2496, 46.28
95, 0, 2496, 46.49
96, 0, 2496, 46.38
94, 0, 2489, 46.54
96, 0, 2496, 46.69
95, 0, 2496, 46.59
96, 0, 2496, 46.89
95, 0, 2496, 46.58
96, 0, 2496, 46.83
96, 0, 2496, 46.64
96, 0, 2496, 46.79
96, 0, 2496, 46.74
95, 0, 2496, 46.82
96, 0, 2496, 46.86
95, 0, 2496, 46.67
96, 0, 2496, 46.86
96, 0, 2496, 46.63
95, 0, 2496, 46.75
96, 0, 2496, 47.00
96, 0, 2496, 46.68
96, 0, 2496, 46.85
96, 0, 2496, 46.73
95, 0, 2496, 46.94
95, 0, 2496, 46.92
96, 0, 2496, 46.76
96, 0, 2496, 46.67
96, 0, 2496, 43.02
96, 0, 2502, 23.57
96, 0, 2502, 23.64
96, 0, 2502, 23.43
96, 0, 2502, 23.30
96, 0, 2502, 23.20
96, 0, 2502, 23.11
96, 0, 2502, 23.06
96, 0, 2502, 22.99
96, 0, 2502, 22.95
96, 0, 2502, 22.87
96, 0, 2502, 22.80
96, 0, 2502, 22.77
96, 0, 2502, 22.76
96, 0, 2502, 22.71
96, 0, 2502, 22.66
96, 0, 2502, 22.61
96, 0, 2502, 22.61
96, 0, 2502, 22.53
96, 0, 2502, 22.50
96, 0, 2502, 22.50
96, 0, 2502, 22.47
96, 0, 2502, 22.43
96, 0, 2502, 22.40
96, 0, 2502, 22.36
96, 0, 2502, 22.33
96, 0, 2502, 22.30
96, 0, 2502, 22.29
96, 0, 2502, 22.29
96, 0, 2502, 22.25
96, 0, 2502, 22.22
96, 0, 2522, 22.18
96, 0, 2522, 22.21
96, 0, 2522, 22.21
96, 0, 2522, 22.20
96, 0, 2522, 22.13
96, 0, 2522, 22.15
96, 0, 2522, 22.12
96, 0, 2522, 22.06
96, 0, 2522, 22.03
96, 0, 2522, 22.01
96, 0, 2522, 21.97
96, 0, 2522, 21.98
96, 0, 2522, 21.94
96, 0, 2522, 21.92
96, 0, 2522, 21.91
96, 0, 2522, 21.88
96, 0, 2522, 21.88
96, 0, 2522, 21.84
96, 0, 2522, 21.86
96, 0, 2522, 21.81
96, 0, 2522, 21.83
96, 0, 2522, 21.80
96, 0, 2522, 21.77
96, 0, 2522, 21.78
96, 0, 2522, 21.75
96, 0, 2522, 21.79
96, 0, 2522, 21.69
96, 0, 2522, 21.75
96, 0, 2522, 21.73
96, 0, 2522, 21.69
96, 0, 2522, 21.69
96, 0, 2522, 21.68
96, 0, 2522, 21.66
96, 0, 2522, 21.66
96, 0, 2522, 21.62
96, 0, 2522, 21.60
96, 0, 2522, 21.62
96, 0, 2522, 21.60
96, 0, 2522, 21.59
96, 0, 2522, 21.56
96, 0, 2522, 21.54
96, 0, 2522, 21.50
96, 0, 2522, 21.48
96, 0, 2522, 21.49
96, 0, 2522, 21.48
96, 0, 2522, 21.48
96, 0, 2522, 21.45
96, 0, 2522, 21.45
96, 0, 2522, 21.44
96, 0, 2522, 21.43
96, 0, 2522, 21.41
96, 0, 2522, 21.40
96, 0, 2522, 21.38
96, 0, 2522, 21.38
96, 0, 2522, 21.36
96, 0, 2522, 21.37
96, 0, 2522, 21.35
96, 0, 2522, 21.34
96, 0, 2522, 21.32
96, 0, 2522, 21.32
96, 0, 2522, 21.30
96, 0, 2522, 21.29
96, 0, 2522, 21.27
96, 0, 2522, 21.28
96, 0, 2522, 21.27
96, 0, 2522, 21.26
96, 0, 2522, 21.26
96, 0, 2522, 21.25
96, 0, 2522, 21.22
96, 0, 2522, 21.22
96, 0, 2522, 21.21
96, 0, 2522, 21.20
96, 0, 2522, 21.20
96, 0, 2522, 21.18
96, 0, 2522, 21.18
96, 0, 2522, 21.16
96, 0, 2522, 21.17
96, 0, 2522, 21.18
96, 0, 2522, 21.16
96, 0, 2522, 21.16
96, 0, 2522, 21.14
96, 0, 2522, 21.14
96, 0, 2522, 21.11
96, 0, 2522, 21.11
96, 0, 2522, 21.10
96, 0, 2522, 21.11
96, 0, 2522, 21.11
96, 0, 2522, 21.11
96, 0, 2522, 21.09
96, 0, 2522, 21.07
96, 0, 2522, 21.07
96, 0, 2522, 21.08
96, 0, 2522, 21.06
96, 0, 2522, 21.07
96, 0, 2522, 21.06
96, 0, 2522, 21.06
96, 0, 2522, 21.03
96, 0, 2522, 21.03
96, 0, 2522, 21.02
96, 0, 2522, 21.01
96, 0, 2522, 21.00
96, 0, 2522, 21.01
96, 0, 2522, 21.00
96, 0, 2522, 20.98
96, 0, 2522, 20.98
96, 0, 2522, 20.99
96, 0, 2522, 20.98
96, 0, 2522, 20.97
96, 0, 2522, 20.96
96, 0, 2522, 20.96
96, 0, 2522, 20.95
96, 0, 2522, 20.96
96, 0, 2522, 20.94
96, 0, 2522, 20.95
96, 0, 2522, 20.92
96, 0, 2522, 20.92
96, 0, 2522, 20.91
96, 0, 2522, 20.90
96, 0, 2522, 20.91
96, 0, 2522, 20.92
96, 0, 2522, 20.92
96, 0, 2522, 20.90
96, 0, 2522, 20.89
96, 0, 2522, 20.88
96, 0, 2522, 20.88
96, 0, 2522, 20.89
96, 0, 2522, 20.87
96, 0, 2522, 20.87
96, 0, 2522, 20.86
96, 0, 2522, 20.86
96, 0, 2522, 20.85
96, 0, 2522, 20.84
96, 0, 2522, 20.83
96, 0, 2522, 20.82
96, 0, 2522, 20.81
96, 0, 2522, 20.80
96, 0, 2522, 20.81
96, 0, 2522, 20.79
96, 0, 2522, 20.78
96, 0, 2522, 20.77
96, 0, 2522, 20.77
96, 0, 2522, 20.77
96, 0, 2522, 20.76
96, 0, 2522, 20.77
96, 0, 2522, 20.76
96, 0, 2522, 20.76
96, 0, 2522, 20.77
96, 0, 2522, 20.77
96, 0, 2522, 20.76
96, 0, 2522, 20.76
96, 0, 2522, 20.74
96, 0, 2522, 20.76
96, 0, 2522, 20.74
96, 0, 2522, 20.75
96, 0, 2522, 20.71
96, 0, 2522, 20.73
96, 0, 2522, 20.72
96, 0, 2522, 20.74
96, 0, 2522, 20.72
96, 0, 2522, 20.72
96, 0, 2522, 20.69
96, 0, 2522, 20.70
96, 0, 2522, 20.68
96, 0, 2522, 20.68
96, 0, 2522, 20.68
96, 0, 2522, 20.68
96, 0, 2522, 20.68
96, 0, 2522, 20.67
96, 0, 2522, 20.65
96, 0, 2522, 20.66
96, 0, 2522, 20.64
96, 0, 2522, 20.65
96, 0, 2522, 20.65
96, 0, 2522, 20.64
96, 0, 2522, 20.64
96, 0, 2522, 20.63
96, 0, 2522, 20.64
96, 0, 2522, 20.63
96, 0, 2522, 20.63
96, 0, 2522, 20.64
96, 0, 2522, 20.63
96, 0, 2522, 20.62
96, 0, 2522, 20.61
96, 0, 2522, 20.62
96, 0, 2522, 20.62
96, 0, 2522, 20.60
96, 0, 2522, 20.60
96, 0, 2522, 20.61
96, 0, 2522, 20.60
96, 0, 2522, 20.60
96, 0, 2522, 20.61
96, 0, 2522, 20.60
96, 0, 2522, 20.59
96, 0, 2522, 20.58
96, 0, 2522, 20.58
96, 0, 2522, 20.59
96, 0, 2522, 20.58
96, 0, 2522, 20.56
96, 0, 2522, 20.56
96, 0, 2522, 20.57
96, 0, 2522, 20.57
96, 0, 2522, 20.55
96, 0, 2522, 20.55
96, 0, 2522, 20.54
96, 0, 2522, 20.55
96, 0, 2522, 20.53
96, 0, 2522, 20.53
96, 0, 2522, 20.53
96, 0, 2522, 20.52
96, 0, 2522, 20.51
96, 0, 2522, 20.51
96, 0, 2522, 20.51
96, 0, 2522, 20.50
96, 0, 2522, 20.50
96, 0, 2522, 20.51
96, 0, 2522, 20.51
96, 0, 2522, 20.50
96, 0, 2522, 20.51
96, 0, 2522, 20.49
96, 0, 2522, 20.51
96, 0, 2522, 20.48
96, 0, 2522, 20.49
96, 0, 2522, 20.48
96, 0, 2522, 20.49
96, 0, 2522, 20.46
96, 0, 2522, 20.48
96, 0, 2522, 20.49
96, 0, 2522, 20.48
96, 0, 2522, 20.48
96, 0, 2522, 20.49
96, 0, 2522, 20.49
96, 0, 2522, 20.47
96, 0, 2522, 20.47
96, 0, 2522, 20.46
96, 0, 2522, 20.46
96, 0, 2522, 20.45
96, 0, 2522, 20.45
96, 0, 2522, 20.45
96, 0, 2522, 20.47
96, 0, 2522, 20.44
96, 0, 2522, 20.45
96, 0, 2522, 20.46
96, 0, 2522, 20.42
96, 0, 2522, 20.43
96, 0, 2522, 20.44
96, 0, 2522, 20.43
96, 0, 2522, 20.44
96, 0, 2522, 20.43
96, 0, 2522, 20.43
96, 0, 2522, 20.42
96, 0, 2522, 20.42
96, 0, 2522, 20.42
96, 0, 2522, 20.41
96, 0, 2522, 20.41
96, 0, 2522, 20.41
96, 0, 2522, 20.43
96, 0, 2522, 20.43
96, 0, 2522, 20.42
96, 0, 2522, 20.41
96, 0, 2522, 20.43
96, 0, 2522, 20.41
96, 0, 2522, 20.41
96, 0, 2522, 20.41
96, 0, 2522, 20.40
96, 0, 2522, 20.40
96, 0, 2522, 20.40
96, 0, 2522, 20.41
96, 0, 2522, 20.41
96, 0, 2522, 20.40
96, 0, 2522, 20.42
96, 0, 2522, 20.40
96, 0, 2522, 20.41
96, 0, 2522, 20.41
96, 0, 2522, 20.41
96, 0, 2522, 20.40
96, 0, 2522, 20.39
96, 0, 2522, 20.40
96, 0, 2522, 20.41
96, 0, 2522, 20.40
96, 0, 2522, 20.40
96, 0, 2522, 20.38
96, 0, 2522, 20.40
96, 0, 2522, 20.38
96, 0, 2522, 20.38
96, 0, 2522, 20.39
96, 0, 2522, 20.39
96, 0, 2522, 20.40
96, 0, 2522, 20.39
96, 0, 2522, 20.40
96, 0, 2522, 20.40
96, 0, 2522, 20.39
96, 0, 2522, 20.41
96, 0, 2522, 20.39
96, 0, 2522, 20.39
96, 0, 2522, 20.39
96, 0, 2522, 20.39
96, 0, 2522, 20.39
96, 0, 2522, 20.39
96, 0, 2522, 20.39
96, 0, 2522, 20.39
96, 0, 2522, 20.39
96, 0, 2522, 20.40
96, 0, 2522, 20.39
96, 0, 2522, 20.39
96, 0, 2522, 20.39
96, 0, 2522, 20.39
96, 0, 2522, 20.38
96, 0, 2522, 20.38
96, 0, 2522, 20.37
96, 0, 2522, 20.38
96, 0, 2522, 20.38
96, 0, 2522, 20.40
96, 0, 2522, 20.39
96, 0, 2522, 20.40
96, 0, 2541, 20.43
96, 0, 2541, 20.46
96, 0, 2541, 20.45
96, 0, 2541, 20.42
96, 0, 2541, 20.41
96, 0, 2541, 20.42
96, 0, 2541, 20.41
96, 0, 2541, 20.41
96, 0, 2541, 20.40
96, 0, 2541, 20.41
96, 0, 2541, 20.41
96, 0, 2541, 20.42
96, 0, 2541, 20.41
96, 0, 2541, 20.40
96, 0, 2541, 20.38
96, 0, 2541, 20.39
96, 0, 2541, 20.38
96, 0, 2541, 20.40
96, 0, 2541, 20.40
96, 0, 2541, 20.41
96, 0, 2541, 20.39
96, 0, 2541, 20.38
96, 0, 2541, 20.39
96, 0, 2541, 20.41
96, 0, 2541, 20.38
96, 0, 2541, 20.40
96, 0, 2541, 20.40
96, 0, 2541, 20.41
96, 0, 2541, 20.40
96, 0, 2541, 20.42
96, 0, 2541, 20.40
96, 0, 2541, 20.41
96, 0, 2541, 20.40
96, 0, 2541, 20.39
96, 0, 2541, 20.39
96, 0, 2541, 20.39
96, 0, 2541, 20.39
96, 0, 2541, 20.38
96, 0, 2541, 20.40
96, 0, 2541, 20.41
96, 0, 2541, 20.39
96, 0, 2541, 20.39
96, 0, 2541, 20.39
96, 0, 2541, 20.39
96, 0, 2541, 20.39
96, 0, 2541, 20.39
96, 0, 2541, 20.40
96, 0, 2541, 20.39
96, 0, 2541, 20.39
96, 0, 2541, 20.40
96, 0, 2541, 20.39
96, 0, 2541, 20.39
96, 0, 2541, 20.38
96, 0, 2541, 20.39
96, 0, 2541, 20.39
96, 0, 2541, 20.40
96, 0, 2541, 20.39
96, 0, 2541, 20.39
96, 0, 2541, 20.39
96, 0, 2541, 20.38
96, 0, 2541, 20.39
96, 0, 2541, 20.39
96, 0, 2541, 20.38
96, 0, 2541, 20.38
96, 0, 2541, 20.39
96, 0, 2541, 20.38
96, 0, 2541, 20.37
96, 0, 2541, 20.37
96, 0, 2541, 20.38
96, 0, 2541, 20.38
96, 0, 2541, 20.36
96, 0, 2541, 20.36
96, 0, 2541, 20.36
96, 0, 2541, 20.38
96, 0, 2541, 20.37
96, 0, 2541, 20.36
96, 0, 2541, 20.37
96, 0, 2541, 20.38
96, 0, 2541, 20.36
96, 0, 2541, 20.37
96, 0, 2541, 20.37
96, 0, 2541, 20.37
96, 0, 2541, 20.36
96, 0, 2541, 20.36
96, 0, 2541, 20.37
96, 0, 2541, 20.36
96, 0, 2541, 20.36
96, 0, 2541, 20.38
96, 0, 2541, 20.36
96, 0, 2541, 20.36
96, 0, 2541, 20.35
96, 0, 2541, 20.36
96, 0, 2541, 20.34
96, 0, 2541, 20.34
96, 0, 2541, 20.35
96, 0, 2541, 20.34
96, 0, 2541, 20.35
96, 0, 2541, 20.35
96, 0, 2541, 20.36
96, 0, 2541, 20.33
96, 0, 2541, 20.33
96, 0, 2541, 20.36
96, 0, 2541, 20.36
96, 0, 2541, 20.35
96, 0, 2541, 20.34
96, 0, 2541, 20.33
96, 0, 2541, 20.34
96, 0, 2541, 20.35
96, 0, 2541, 20.34
96, 0, 2541, 20.37
96, 0, 2541, 20.37
96, 0, 2541, 20.35
96, 0, 2541, 20.34
96, 0, 2541, 20.35
96, 0, 2541, 20.34
96, 0, 2541, 20.34
96, 0, 2541, 20.34
96, 0, 2541, 20.34
96, 0, 2541, 20.35
96, 0, 2541, 20.34
96, 0, 2541, 20.33
96, 0, 2541, 20.34
96, 0, 2541, 20.35
96, 0, 2541, 20.34
96, 0, 2541, 20.35
96, 0, 2541, 20.35
96, 0, 2541, 20.33
96, 0, 2541, 20.34
96, 0, 2541, 20.33
96, 0, 2541, 20.34
96, 0, 2541, 20.35
96, 0, 2541, 20.34
96, 0, 2541, 20.34
96, 0, 2541, 20.35
96, 0, 2541, 20.35
96, 0, 2541, 20.34
96, 0, 2541, 20.33
96, 0, 2541, 20.35
96, 0, 2541, 20.35
96, 0, 2541, 20.34
96, 0, 2541, 20.35
96, 0, 2541, 20.33
96, 0, 2541, 20.34
96, 0, 2541, 20.34
96, 0, 2541, 20.32
96, 0, 2541, 20.34
96, 0, 2541, 20.33
96, 0, 2541, 20.35
96, 0, 2541, 20.34
96, 0, 2541, 20.31
96, 0, 2541, 20.32
96, 0, 2541, 20.32
96, 0, 2541, 20.35
96, 0, 2541, 20.34
96, 0, 2541, 20.32
96, 0, 2541, 20.32
96, 0, 2541, 20.34
96, 0, 2541, 20.33
96, 0, 2541, 20.34
96, 0, 2541, 20.33
96, 0, 2541, 20.33
96, 0, 2541, 20.33
96, 0, 2541, 20.33
96, 0, 2541, 20.32
96, 0, 2541, 20.31
96, 0, 2541, 20.32
96, 0, 2541, 20.32
96, 0, 2541, 20.34
96, 0, 2541, 20.33
96, 0, 2541, 20.34
96, 0, 2541, 20.33
96, 0, 2541, 20.33
96, 0, 2541, 20.33
96, 0, 2541, 20.33
96, 0, 2541, 20.32
96, 0, 2541, 20.32
96, 0, 2541, 20.32
96, 0, 2541, 20.31
96, 0, 2541, 20.32
96, 0, 2541, 20.32
96, 0, 2541, 20.31
96, 0, 2541, 20.32
96, 0, 2541, 20.33
96, 0, 2541, 20.33
96, 0, 2541, 20.32
96, 0, 2541, 20.31
96, 0, 2541, 20.32
96, 0, 2541, 20.33
96, 0, 2541, 20.32
96, 0, 2541, 20.32
96, 0, 2541, 20.30
96, 0, 2541, 20.33
96, 0, 2541, 20.33
96, 0, 2541, 20.32
96, 0, 2541, 20.30
96, 0, 2541, 20.31
96, 0, 2541, 20.30
96, 0, 2541, 20.32
96, 0, 2541, 20.31
96, 0, 2541, 20.31
96, 0, 2541, 20.29
96, 0, 2541, 20.29
96, 0, 2541, 20.28
96, 0, 2541, 20.27
96, 0, 2541, 20.30
96, 0, 2541, 20.29
96, 0, 2541, 20.27
96, 0, 2541, 20.28
96, 0, 2541, 20.30
96, 0, 2541, 20.30
96, 0, 2541, 20.30
96, 0, 2541, 20.31
96, 0, 2541, 20.31
96, 0, 2541, 20.28
96, 0, 2541, 20.29
96, 0, 2541, 20.28
96, 0, 2541, 20.28
96, 0, 2541, 20.29
96, 0, 2541, 20.30
96, 0, 2541, 20.30
96, 0, 2541, 20.29
96, 0, 2541, 20.29
96, 0, 2541, 20.28
96, 0, 2541, 20.29
96, 0, 2541, 20.31
96, 0, 2541, 20.30
96, 0, 2541, 20.33
96, 0, 2541, 20.34
96, 0, 2541, 20.33
96, 0, 2541, 20.33
96, 0, 2541, 20.29
96, 0, 2541, 20.27
96, 0, 2541, 20.28
96, 0, 2541, 20.27
96, 0, 2541, 20.30
96, 0, 2541, 20.29
96, 0, 2541, 20.29
96, 0, 2541, 20.31
96, 0, 2541, 20.30
96, 0, 2541, 20.30
96, 0, 2541, 20.31
96, 0, 2541, 20.31
96, 0, 2541, 20.30
96, 0, 2541, 20.30
96, 0, 2541, 20.29
96, 0, 2541, 20.30
96, 0, 2541, 20.29
96, 0, 2541, 20.29
96, 0, 2541, 20.29
96, 0, 2541, 20.30
96, 0, 2541, 20.29
96, 0, 2541, 20.28
96, 0, 2541, 20.27
96, 0, 2541, 20.27
96, 0, 2541, 20.27
96, 0, 2541, 20.29
96, 0, 2541, 20.29
96, 0, 2541, 20.30
96, 0, 2541, 20.29
96, 0, 2541, 20.28
96, 0, 2541, 20.27
96, 0, 2541, 20.27
96, 0, 2541, 20.28
96, 0, 2541, 20.30
96, 0, 2541, 20.31
96, 0, 2541, 20.29
96, 0, 2541, 20.28
96, 0, 2541, 20.30
96, 0, 2541, 20.28
96, 0, 2541, 20.28
96, 0, 2541, 20.28
96, 0, 2541, 20.28
96, 0, 2541, 20.29
96, 0, 2541, 20.28
96, 0, 2541, 20.28
96, 0, 2541, 20.30
96, 0, 2541, 20.28
96, 0, 2541, 20.28
96, 0, 2541, 20.26
96, 0, 2541, 20.27
96, 0, 2541, 20.26
96, 0, 2541, 20.28
96, 0, 2541, 20.29
96, 0, 2541, 20.30
96, 0, 2541, 20.29
96, 0, 2541, 20.29
96, 0, 2541, 20.31
96, 0, 2541, 20.29
96, 0, 2541, 20.29
96, 0, 2541, 20.29
96, 0, 2541, 20.27
96, 0, 2541, 20.30
96, 0, 2541, 20.30
96, 0, 2541, 20.29
96, 0, 2541, 20.30
96, 0, 2541, 20.31
96, 0, 2541, 20.32
96, 0, 2541, 20.31
96, 0, 2541, 20.31
96, 0, 2541, 20.32
96, 0, 2541, 20.32
96, 0, 2541, 20.31
96, 0, 2541, 20.31
96, 0, 2541, 20.31
96, 0, 2541, 20.31
96, 0, 2541, 20.32
96, 0, 2541, 20.32
96, 0, 2541, 20.32
96, 0, 2541, 20.32
96, 0, 2541, 20.31
96, 0, 2541, 20.28
96, 0, 2541, 20.29
96, 0, 2541, 20.30
96, 0, 2541, 20.29
96, 0, 2541, 20.30
96, 0, 2541, 20.29
96, 0, 2541, 20.28
96, 0, 2541, 20.35
96, 0, 2541, 20.32
96, 0, 2541, 20.31
96, 0, 2541, 20.31
96, 0, 2541, 20.30
96, 0, 2541, 20.32
96, 0, 2541, 20.32
96, 0, 2541, 20.30
96, 0, 2541, 20.31
96, 0, 2541, 20.31
96, 0, 2541, 20.32
96, 0, 2541, 20.31
96, 0, 2541, 20.31
96, 0, 2541, 20.30
96, 0, 2541, 20.30
96, 0, 2541, 20.30
96, 0, 2541, 20.29
96, 0, 2541, 20.31
96, 0, 2541, 20.32
96, 0, 2541, 20.30
96, 0, 2541, 20.33
96, 0, 2541, 20.31
96, 0, 2541, 20.31
96, 0, 2541, 20.31
96, 0, 2541, 20.30
96, 0, 2541, 20.30
96, 0, 2541, 20.30
96, 0, 2541, 20.29
96, 0, 2541, 20.29
96, 0, 2541, 20.30
96, 0, 2541, 20.32
96, 0, 2541, 20.32
96, 0, 2541, 20.31
96, 0, 2541, 20.30
96, 0, 2541, 20.29
96, 0, 2541, 20.30
96, 0, 2541, 20.31
96, 0, 2541, 20.30
96, 0, 2541, 20.30
96, 0, 2541, 20.30
96, 0, 2541, 20.29
96, 0, 2541, 20.30
96, 0, 2541, 20.29
96, 0, 2541, 20.30
96, 0, 2541, 20.29
96, 0, 2541, 20.29
96, 0, 2541, 20.28
96, 0, 2541, 20.29
96, 0, 2541, 20.29
96, 0, 2541, 20.31
96, 0, 2541, 20.30
96, 0, 2541, 20.29
96, 0, 2541, 20.30
96, 0, 2541, 20.29
96, 0, 2541, 20.29
96, 0, 2541, 20.29
96, 0, 2541, 20.27
96, 0, 2541, 20.28
96, 0, 2541, 20.29
96, 0, 2541, 20.28
96, 0, 2541, 20.29
96, 0, 2541, 20.31
96, 0, 2541, 20.28
96, 0, 2541, 20.30
96, 0, 2541, 20.29
96, 0, 2541, 20.29
96, 0, 2541, 20.29
96, 0, 2541, 20.31
96, 0, 2541, 20.28
96, 0, 2541, 20.29
96, 0, 2541, 20.29
96, 0, 2541, 20.30
96, 0, 2541, 20.29
96, 0, 2541, 20.29
96, 0, 2541, 20.28
96, 0, 2541, 20.28
96, 0, 2541, 20.26
96, 0, 2541, 20.28
96, 0, 2541, 20.31
96, 0, 2541, 20.29
96, 0, 2541, 20.27
96, 0, 2541, 20.28
96, 0, 2541, 20.29
96, 0, 2541, 20.27
96, 0, 2541, 20.26
96, 0, 2541, 20.27
96, 0, 2541, 20.26
96, 0, 2541, 20.27
96, 0, 2541, 20.27
96, 0, 2541, 20.28
96, 0, 2541, 20.28
96, 0, 2541, 20.29
96, 0, 2541, 20.29
96, 0, 2541, 20.28
96, 0, 2541, 20.26
96, 0, 2541, 20.27
96, 0, 2541, 20.33
96, 0, 2541, 20.36
96, 0, 2541, 20.34
96, 0, 2541, 20.36
96, 0, 2541, 20.39
96, 0, 2541, 20.28
96, 0, 2541, 20.30
96, 0, 2541, 20.31
96, 0, 2541, 20.28
96, 0, 2541, 20.30
96, 0, 2541, 20.28
96, 0, 2541, 20.26
96, 0, 2541, 20.30
96, 0, 2541, 20.27
96, 0, 2541, 20.28
96, 0, 2541, 20.27
96, 0, 2541, 20.28
96, 0, 2541, 20.27
96, 0, 2541, 20.27
96, 0, 2541, 20.27
96, 0, 2541, 20.28
96, 0, 2541, 20.30
96, 0, 2541, 20.28
96, 0, 2541, 20.30
96, 0, 2541, 20.28
96, 0, 2541, 20.32
96, 0, 2541, 20.28
96, 0, 2541, 20.28
96, 0, 2541, 20.28
96, 0, 2541, 20.27
96, 0, 2541, 20.28
96, 0, 2541, 20.27
96, 0, 2541, 20.28
96, 0, 2541, 20.28
96, 0, 2541, 20.28
96, 0, 2541, 20.29
96, 0, 2541, 20.28
96, 0, 2541, 20.28
96, 0, 2541, 20.28
96, 0, 2541, 20.29
96, 0, 2541, 20.28
96, 0, 2541, 20.28
96, 0, 2541, 20.34
96, 0, 2541, 20.39
96, 0, 2541, 20.43
96, 0, 2541, 20.44
96, 0, 2541, 20.45
96, 0, 2541, 20.48
96, 0, 2541, 20.49
96, 0, 2541, 20.49
96, 0, 2541, 20.51
96, 0, 2541, 20.48
96, 0, 2541, 20.45
96, 0, 2541, 20.45
96, 0, 2541, 20.49
96, 0, 2541, 20.49
96, 0, 2541, 20.48
96, 0, 2541, 20.47
96, 0, 2541, 20.50
96, 0, 2541, 20.50
96, 0, 2541, 20.49
96, 0, 2541, 20.52
96, 0, 2541, 20.50
96, 0, 2541, 20.51
96, 0, 2541, 20.53
96, 0, 2541, 20.54
96, 0, 2541, 20.40
96, 0, 2541, 20.41
96, 0, 2541, 20.40
96, 0, 2541, 20.39
96, 0, 2541, 20.38
96, 0, 2541, 20.36
96, 0, 2541, 20.36
96, 0, 2541, 20.39
96, 0, 2541, 20.39
96, 0, 2541, 20.38
96, 0, 2541, 20.36
96, 0, 2541, 20.35
96, 0, 2541, 20.34
96, 0, 2541, 20.35
96, 0, 2541, 20.35
96, 0, 2541, 20.34
96, 0, 2541, 20.35
96, 0, 2541, 20.35
96, 0, 2541, 20.35
96, 0, 2541, 20.35
96, 0, 2541, 20.33
96, 0, 2541, 20.35
96, 0, 2541, 20.34
96, 0, 2541, 20.33
96, 0, 2541, 20.33
96, 0, 2541, 20.34
96, 0, 2541, 20.33
96, 0, 2541, 20.34
96, 0, 2541, 20.35
96, 0, 2541, 20.35
96, 0, 2541, 20.35
96, 0, 2541, 20.34
96, 0, 2541, 20.33
96, 0, 2541, 20.32
96, 0, 2541, 20.33
96, 0, 2541, 20.31
96, 0, 2541, 20.32
96, 0, 2541, 20.33
96, 0, 2541, 20.33
96, 0, 2541, 20.32
96, 0, 2541, 20.33
96, 0, 2541, 20.33
96, 0, 2541, 20.33
96, 0, 2541, 20.32
96, 0, 2541, 20.31
96, 0, 2541, 20.31
96, 0, 2541, 20.32
96, 0, 2541, 20.31
96, 0, 2541, 20.31
96, 0, 2541, 20.32
96, 0, 2541, 20.32
96, 0, 2541, 20.31
96, 0, 2541, 20.32
96, 0, 2541, 20.31
96, 0, 2541, 20.32
96, 0, 2541, 20.32
96, 0, 2541, 20.32
96, 0, 2541, 20.32
96, 0, 2541, 20.31
96, 0, 2541, 20.32
96, 0, 2541, 20.31
96, 0, 2541, 20.29
96, 0, 2541, 20.32
96, 0, 2541, 20.30
96, 0, 2541, 20.29
96, 0, 2541, 20.29
96, 0, 2541, 20.28
96, 0, 2541, 20.27
96, 0, 2541, 20.29
96, 0, 2541, 20.30
96, 0, 2541, 20.30
96, 0, 2541, 20.27
96, 0, 2541, 20.30
96, 0, 2541, 20.28
96, 0, 2541, 20.30
96, 0, 2541, 20.28
96, 0, 2541, 20.29
96, 0, 2541, 20.30
96, 0, 2541, 20.29
96, 0, 2541, 20.28
96, 0, 2541, 20.29
96, 0, 2541, 20.28
96, 0, 2541, 20.26
96, 0, 2541, 20.26
96, 0, 2541, 20.28
96, 0, 2541, 20.30
96, 0, 2541, 20.31
96, 0, 2541, 20.30
96, 0, 2541, 20.29
96, 0, 2541, 20.28
96, 0, 2541, 20.27
96, 0, 2541, 20.28
96, 0, 2541, 20.29
96, 0, 2541, 20.28
96, 0, 2541, 20.28
96, 0, 2541, 20.31
96, 0, 2541, 20.29
96, 0, 2541, 20.28
96, 0, 2541, 20.29
96, 0, 2541, 20.28
96, 0, 2541, 20.27
96, 0, 2541, 20.29
96, 0, 2541, 20.28
96, 0, 2541, 20.27
96, 0, 2541, 20.27
96, 0, 2541, 20.29
96, 0, 2541, 20.27
96, 0, 2541, 20.27
96, 0, 2541, 20.27
96, 0, 2541, 20.27
96, 0, 2541, 20.29
96, 0, 2541, 20.30
96, 0, 2541, 20.30
96, 0, 2541, 20.28
96, 0, 2541, 20.28
96, 0, 2541, 20.28
96, 0, 2541, 20.27
96, 0, 2541, 20.29
96, 0, 2541, 20.30
96, 0, 2541, 20.30
96, 0, 2541, 20.29
96, 0, 2541, 20.28
96, 0, 2541, 20.27
96, 0, 2541, 20.28
96, 0, 2541, 20.28
96, 0, 2541, 20.29
96, 0, 2541, 20.28
96, 0, 2541, 20.28
96, 0, 2541, 20.30
96, 0, 2541, 20.29
96, 0, 2541, 20.28
96, 0, 2541, 20.27
96, 0, 2541, 20.27
96, 0, 2541, 20.26
96, 0, 2541, 20.27
96, 0, 2541, 20.27
96, 0, 2541, 20.28
96, 0, 2541, 20.29
96, 0, 2541, 20.27
96, 0, 2541, 20.27
96, 0, 2541, 20.29
96, 0, 2541, 20.29
96, 0, 2541, 20.28
96, 0, 2541, 20.29
96, 0, 2541, 20.28
96, 0, 2541, 20.25
96, 0, 2541, 20.27
96, 0, 2541, 20.26
96, 0, 2541, 20.25
96, 0, 2541, 20.24
96, 0, 2541, 20.25
96, 0, 2541, 20.25
96, 0, 2541, 20.25
96, 0, 2541, 20.28
96, 0, 2541, 20.27
96, 0, 2541, 20.25
96, 0, 2541, 20.25
96, 0, 2541, 20.24
96, 0, 2541, 20.25
96, 0, 2541, 20.26
96, 0, 2541, 20.26
96, 0, 2541, 20.26
96, 0, 2541, 20.26
96, 0, 2541, 20.24
96, 0, 2541, 20.24
96, 0, 2541, 20.26
96, 0, 2541, 20.25
96, 0, 2541, 20.27
96, 0, 2541, 20.26
96, 0, 2541, 20.26
96, 0, 2541, 20.26
96, 0, 2541, 20.25
96, 0, 2541, 20.25
96, 0, 2541, 20.27
96, 0, 2541, 20.27
96, 0, 2541, 20.26
96, 0, 2541, 20.25
96, 0, 2541, 20.26
96, 0, 2541, 20.25
96, 0, 2541, 20.25
96, 0, 2541, 20.27
96, 0, 2541, 20.25
96, 0, 2541, 20.28
96, 0, 2541, 20.25
96, 0, 2541, 20.25
96, 0, 2541, 20.24
96, 0, 2541, 20.24
96, 0, 2541, 20.25
96, 0, 2541, 20.26
96, 0, 2541, 20.25
96, 0, 2541, 20.25
96, 0, 2541, 20.25
96, 0, 2541, 20.25
96, 0, 2541, 20.25
96, 0, 2541, 20.25
96, 0, 2541, 20.26
96, 0, 2541, 20.25
96, 0, 2541, 20.26
96, 0, 2541, 20.26
96, 0, 2541, 20.25
96, 0, 2541, 20.26
96, 0, 2541, 20.27
96, 0, 2541, 20.26
96, 0, 2541, 20.25
96, 0, 2541, 20.24
96, 0, 2541, 20.26
96, 0, 2541, 20.25
96, 0, 2541, 20.25
96, 0, 2541, 20.24
96, 0, 2541, 20.24
96, 0, 2541, 20.24
96, 0, 2541, 20.26
96, 0, 2541, 20.27
96, 0, 2541, 20.25
96, 0, 2541, 20.25
96, 0, 2541, 20.24
96, 0, 2541, 20.24
96, 0, 2541, 20.23
96, 0, 2541, 20.26
96, 0, 2541, 20.25
96, 0, 2541, 20.26
96, 0, 2541, 20.25
96, 0, 2541, 20.25
96, 0, 2541, 20.23
96, 0, 2541, 20.25
96, 0, 2541, 20.25
96, 0, 2541, 20.25
96, 0, 2541, 20.26
96, 0, 2541, 20.24
96, 0, 2541, 20.25
96, 0, 2541, 20.24
96, 0, 2541, 20.23
96, 0, 2541, 20.24
96, 0, 2541, 20.22
96, 0, 2541, 20.23
96, 0, 2541, 20.24
96, 0, 2541, 20.24
96, 0, 2541, 20.25
96, 0, 2541, 20.26
96, 0, 2541, 20.26
96, 0, 2541, 20.25
96, 0, 2541, 20.24
96, 0, 2541, 20.24
96, 0, 2541, 20.24
96, 0, 2541, 20.25
96, 0, 2541, 20.29
96, 0, 2541, 20.24
96, 0, 2541, 20.24
96, 0, 2541, 20.24
96, 0, 2541, 20.23
96, 0, 2541, 20.24
96, 0, 2541, 20.23
96, 0, 2541, 20.23
96, 0, 2541, 20.22
96, 0, 2541, 20.22
96, 0, 2541, 20.22
96, 0, 2541, 20.24
96, 0, 2541, 20.22
96, 0, 2541, 20.23
96, 0, 2541, 20.24
96, 0, 2541, 20.21
96, 0, 2541, 20.23
96, 0, 2541, 20.24
96, 0, 2541, 20.24
96, 0, 2541, 20.24
96, 0, 2541, 20.23
96, 0, 2541, 20.23
96, 0, 2541, 20.23
96, 0, 2541, 20.24
96, 0, 2541, 20.24
96, 0, 2541, 20.25
96, 0, 2541, 20.25
96, 0, 2541, 20.26
96, 0, 2541, 20.25
96, 0, 2541, 20.25
96, 0, 2541, 20.25
96, 0, 2541, 20.24
96, 0, 2541, 20.33
96, 0, 2541, 20.27
96, 0, 2541, 20.26
96, 0, 2541, 20.25
96, 0, 2541, 20.27
96, 0, 2541, 20.27
96, 0, 2541, 20.25
96, 0, 2541, 20.24
96, 0, 2541, 20.26
96, 0, 2541, 20.29
96, 0, 2541, 20.25
96, 0, 2541, 20.25
96, 0, 2541, 20.29
96, 0, 2541, 20.25
96, 0, 2541, 20.25
96, 0, 2541, 20.24
96, 0, 2541, 20.24
96, 0, 2541, 20.25
96, 0, 2541, 20.30
96, 0, 2541, 20.30
96, 0, 2541, 20.27
96, 0, 2541, 20.27
96, 0, 2541, 20.36
96, 0, 2541, 20.33
96, 0, 2541, 20.37
96, 0, 2541, 20.34
96, 0, 2541, 20.27
96, 0, 2541, 20.29
96, 0, 2541, 20.37
96, 0, 2541, 20.37
96, 0, 2541, 20.41
96, 0, 2541, 20.41
96, 0, 2541, 20.37
96, 0, 2541, 20.38
96, 0, 2541, 20.42
96, 0, 2541, 20.40
96, 0, 2541, 20.39
96, 0, 2541, 20.40
96, 0, 2541, 20.40
96, 0, 2541, 20.39
96, 0, 2541, 20.42
96, 0, 2541, 20.43
96, 0, 2541, 20.43
96, 0, 2541, 20.56
96, 0, 2541, 20.66
96, 0, 2541, 20.61
96, 0, 2541, 20.49
96, 0, 2541, 20.48
96, 0, 2541, 20.65
96, 0, 2541, 20.65
96, 0, 2541, 20.57
96, 0, 2541, 20.53
96, 0, 2541, 20.62
96, 0, 2541, 20.63
96, 0, 2541, 20.54
96, 0, 2541, 20.43
96, 0, 2541, 20.44
96, 0, 2541, 20.43
96, 0, 2541, 20.56
96, 0, 2541, 20.56
96, 0, 2541, 20.56
96, 0, 2541, 20.57
96, 0, 2541, 20.59
96, 0, 2541, 20.58
96, 0, 2541, 20.55
96, 0, 2541, 20.47
96, 0, 2541, 20.47
96, 0, 2541, 20.46
96, 0, 2541, 20.46
96, 0, 2541, 20.43
96, 0, 2541, 20.44
96, 0, 2541, 20.43
45, 0, 2541, 19.71
0, 0, 2411, 14.18
0, 0, 2411, 14.22
0, 0, 2411, 14.19
2, 0, 2418, 14.69
11, 0, 2431, 16.57
11, 0, 2424, 16.36
17, 0, 2424, 16.35
1, 0, 2405, 15.20
1, 0, 2405, 14.36
1, 0, 2405, 14.38
1, 0, 2405, 14.37
1, 0, 2405, 14.30
1, 0, 2405, 14.15
1, 0, 2405, 14.15
1, 0, 2405, 14.19
1, 0, 2405, 14.17
1, 0, 2405, 14.07
1, 0, 2405, 14.07
1, 0, 2405, 14.22
1, 0, 2405, 14.15
1, 0, 2405, 14.10
1, 0, 2405, 14.12
1, 0, 2411, 14.15
1, 0, 2405, 14.16
1, 0, 2405, 14.12
1, 0, 2405, 14.11
1, 0, 2405, 14.13
1, 0, 2405, 14.22
1, 0, 2405, 14.13
1, 0, 2405, 14.12
1, 0, 2405, 14.12
1, 0, 2405, 14.16
1, 0, 2405, 14.19
1, 0, 2405, 14.12
1, 0, 2405, 14.13
1, 0, 2405, 14.11
1, 0, 2405, 14.20
1, 0, 2405, 14.12
1, 0, 2405, 14.11
1, 0, 2405, 14.10
1, 0, 2405, 14.09
1, 0, 2405, 14.21
1, 0, 2405, 14.13
1, 0, 2405, 14.12
1, 0, 2405, 14.12
1, 0, 2405, 14.17
1, 0, 2405, 14.18
1, 0, 2405, 14.09
2, 0, 2405, 14.09
1, 0, 2405, 14.15
1, 0, 2405, 14.20
1, 0, 2405, 14.17
1, 0, 2405, 14.16
1, 0, 2405, 14.24
1, 0, 2405, 14.14
1, 0, 2405, 14.10
1, 0, 2405, 14.08
1, 0, 2405, 14.17
1, 0, 2405, 14.12
1, 0, 2405, 14.09
1, 0, 2405, 14.10
1, 0, 2405, 14.15
1, 0, 2405, 14.20
1, 0, 2405, 14.10
1, 0, 2405, 14.14
1, 0, 2405, 14.24
1, 0, 2405, 14.20
1, 0, 2405, 14.13
1, 0, 2405, 14.15
1, 0, 2405, 14.10
1, 0, 2405, 14.19
1, 0, 2405, 14.21
1, 0, 2405, 14.29
1, 0, 2405, 14.12
1, 0, 2405, 14.13
1, 0, 2405, 14.16
1, 0, 2405, 14.15
1, 0, 2405, 14.09
1, 0, 2405, 14.10
1, 0, 2405, 14.10
1, 0, 2405, 14.20
1, 0, 2405, 14.12
1, 0, 2405, 14.11
1, 0, 2405, 14.11
0, 0, 2405, 14.11
1, 0, 2405, 14.18
1, 0, 2405, 14.08
1, 0, 2405, 14.09
1, 0, 2405, 14.09
1, 0, 2405, 14.18
1, 0, 2405, 14.10
1, 0, 2405, 14.12
1, 0, 2405, 14.09
0, 0, 2405, 14.10
1, 0, 2405, 14.15
1, 0, 2405, 14.11
1, 0, 2405, 14.08
2, 0, 2405, 14.10
1, 0, 2405, 14.23
1, 0, 2405, 14.13
1, 0, 2405, 14.13
1, 0, 2405, 14.14
2, 0, 2405, 14.20
1, 0, 2405, 14.13
1, 0, 2405, 14.12
1, 0, 2405, 14.19
1, 0, 2405, 14.17
1, 0, 2405, 14.14
1, 0, 2405, 14.11
1, 0, 2405, 14.21
1, 0, 2405, 14.16
1, 0, 2405, 14.15
2, 0, 2405, 14.15
1, 0, 2405, 14.26
1, 0, 2405, 14.09
1, 0, 2405, 14.13
0, 0, 2405, 14.08
1, 0, 2405, 14.16
1, 0, 2405, 14.07
1, 0, 2405, 14.08
1, 0, 2405, 14.09
1, 0, 2405, 14.22
1, 0, 2405, 14.61
0, 0, 2405, 14.24
0, 0, 2405, 14.13
0, 0, 2405, 14.06
0, 0, 2405, 14.06
0, 0, 2405, 14.06
0, 0, 2405, 14.06
0, 0, 2405, 14.07
1, 0, 2405, 14.29
0, 0, 2405, 14.64
2, 0, 2405, 14.70
1, 0, 2405, 14.95
0, 0, 2405, 14.49
1, 0, 2405, 14.69
1, 0, 2405, 14.60
1, 0, 2405, 14.17
1, 0, 2405, 14.21
1, 0, 2405, 14.25
1, 0, 2405, 14.17
1, 0, 2405, 14.19
1, 0, 2405, 14.20
1, 0, 2405, 14.24
1, 0, 2405, 14.15
1, 0, 2405, 14.15
1, 0, 2405, 14.19
1, 0, 2405, 14.29
1, 0, 2405, 14.17
1, 0, 2405, 14.15
1, 0, 2405, 14.15
1, 0, 2405, 14.25
1, 0, 2405, 14.16
1, 0, 2405, 14.17
1, 0, 2405, 14.13
1, 0, 2405, 14.27
2, 0, 2405, 14.16
1, 0, 2405, 14.16
1, 0, 2405, 14.16
1, 0, 2405, 14.24
1, 0, 2405, 14.18
2, 0, 2405, 14.17
1, 0, 2405, 14.17
1, 0, 2405, 14.28
1, 0, 2405, 14.17
1, 0, 2405, 14.17
1, 0, 2405, 14.20
1, 0, 2405, 14.23
1, 0, 2405, 14.17
1, 0, 2405, 14.16
1, 0, 2405, 14.17
1, 0, 2405, 14.28
1, 0, 2405, 14.15
1, 0, 2405, 14.16
1, 0, 2405, 14.13
1, 0, 2405, 14.21
1, 0, 2405, 14.12
1, 0, 2405, 14.14
1, 0, 2405, 14.13
1, 0, 2405, 14.19
1, 0, 2405, 14.18
1, 0, 2405, 14.13
1, 0, 2405, 14.14
1, 0, 2405, 14.15
1, 0, 2405, 14.21
1, 0, 2405, 14.18
1, 0, 2405, 14.15
1, 0, 2405, 14.15
1, 0, 2405, 14.23
1, 0, 2405, 14.13
1, 0, 2405, 14.12
2, 0, 2405, 14.19
1, 0, 2405, 14.24
1, 0, 2405, 14.19
2, 0, 2405, 14.82
0, 0, 2405, 15.32
0, 0, 2405, 15.37
1, 0, 2405, 14.56
1, 0, 2411, 14.27
1, 0, 2405, 14.23
1, 0, 2405, 14.21
1, 0, 2405, 14.24
0, 0, 2405, 14.17
0, 0, 2405, 13.92
11, 0, 2411, 14.15
65, 0, 2483, 27.36
89, 0, 2502, 44.39
96, 0, 2502, 41.07
84, 0, 2483, 44.32
93, 0, 2502, 42.61
72, 0, 2489, 42.70
89, 0, 2509, 44.42
96, 0, 2502, 41.74
86, 0, 2489, 44.50
95, 0, 2515, 42.76
69, 0, 2483, 42.88
90, 0, 2496, 44.46
82, 0, 2502, 41.75
70, 0, 2515, 44.72
89, 0, 2483, 42.71
84, 0, 2502, 43.19
87, 0, 2502, 44.42
0, 0, 2405, 18.05
0, 0, 2405, 14.49
0, 0, 2405, 14.44
0, 0, 2405, 14.40
0, 0, 2405, 14.37
0, 0, 2405, 14.39
0, 0, 2405, 14.34
0, 0, 2405, 14.34
0, 0, 2405, 14.74
0, 0, 2405, 14.39
0, 0, 2405, 14.31
0, 0, 2405, 14.39
0, 0, 2405, 14.68
0, 0, 2405, 14.61
0, 0, 2405, 14.27
0, 0, 2405, 14.27
0, 0, 2405, 14.25
0, 0, 2405, 14.26
0, 0, 2405, 14.24
0, 0, 2405, 14.25
0, 0, 2405, 14.24
0, 0, 2405, 14.22
1, 0, 2405, 14.34
1, 0, 2405, 14.54
1, 0, 2405, 14.53
1, 0, 2405, 14.54
1, 0, 2405, 14.64
1, 0, 2405, 14.50
1, 0, 2405, 14.48
1, 0, 2405, 14.49
2, 0, 2405, 14.56
2, 0, 2405, 14.51
2, 0, 2405, 14.51
1, 0, 2405, 14.71
0, 0, 2405, 15.61
14, 0, 2437, 26.64
35, 0, 2431, 27.53
0, 0, 2405, 24.25
0, 0, 2424, 14.65
0, 0, 2411, 14.44
0, 0, 2405, 14.31
0, 0, 2405, 14.31
0, 0, 2405, 14.29
0, 0, 2405, 14.27
0, 0, 2405, 14.28
0, 0, 2405, 14.47
0, 0, 2405, 14.79
0, 0, 2405, 14.25
0, 0, 2405, 15.20
0, 0, 2405, 14.40
0, 0, 2405, 14.28
0, 0, 2405, 14.29
0, 0, 2405, 14.28
0, 0, 2405, 14.32
0, 0, 2411, 18.00
0, 0, 2405, 14.39
96, 0, 2483, 42.39
96, 0, 2496, 59.07
96, 0, 2483, 58.39
96, 0, 2489, 57.87
0, 0, 2431, 48.73
0, 0, 2405, 14.61
0, 0, 2431, 16.91
0, 0, 2405, 14.49
0, 0, 2405, 14.42
0, 0, 2405, 14.40
0, 0, 2405, 14.43
0, 0, 2418, 15.21
0, 0, 2411, 15.31
0, 0, 2405, 14.44
0, 0, 2405, 14.43
0, 0, 2405, 14.41
0, 0, 2405, 14.38
0, 0, 2411, 15.66
52, 0, 2509, 19.59
70, 0, 2522, 33.01
0, 0, 2405, 15.33
0, 0, 2405, 14.43
0, 0, 2405, 14.41
0, 0, 2405, 14.40
0, 0, 2405, 14.36
89, 0, 2411, 15.40
0, 0, 2405, 24.50
0, 0, 2405, 14.42
0, 0, 2405, 14.39
0, 0, 2405, 14.37
0, 0, 2405, 14.38
0, 0, 2405, 14.40
96, 0, 2483, 20.15
96, 0, 2476, 25.94
0, 0, 2405, 15.78
0, 0, 2405, 14.64
0, 0, 2405, 14.76
0, 0, 2405, 15.89
0, 0, 2405, 14.41
0, 0, 2405, 14.38
0, 0, 2405, 14.39
0, 0, 2405, 14.35
0, 0, 2405, 14.37
0, 0, 2405, 14.33
0, 0, 2405, 14.34
0, 0, 2405, 14.33
0, 0, 2405, 14.34
0, 0, 2405, 14.34
3, 0, 2418, 15.23
15, 0, 2431, 20.60
69, 0, 2444, 17.10
96, 0, 2502, 42.19
96, 0, 2496, 55.36
96, 0, 2496, 55.33
96, 0, 2489, 55.34
96, 0, 2489, 56.90
90, 0, 2424, 41.11
96, 0, 2502, 39.63
96, 0, 2496, 35.46
46, 0, 2411, 22.77
16, 0, 2450, 26.63
81, 0, 2424, 22.16
0, 0, 2405, 21.33
0, 0, 2405, 14.77
0, 0, 2405, 14.74
0, 0, 2405, 14.74
0, 0, 2405, 14.73
0, 0, 2405, 14.73
0, 0, 2405, 14.78
0, 0, 2405, 14.72
0, 0, 2405, 14.71
0, 0, 2405, 14.70
0, 0, 2405, 14.70
0, 0, 2405, 14.67
0, 0, 2405, 14.67
0, 0, 2405, 14.67
0, 0, 2405, 14.66
0, 0, 2405, 14.66
0, 0, 2405, 14.66
0, 0, 2405, 14.60
0, 0, 2405, 14.59
0, 0, 2405, 14.59
0, 0, 2405, 14.58
0, 0, 2405, 14.56
0, 0, 2405, 14.56
0, 0, 2405, 14.55
0, 0, 2405, 14.56
0, 0, 2405, 14.53
0, 0, 2405, 14.53
0, 0, 2405, 14.52
0, 0, 2405, 14.52
0, 0, 2405, 14.52
0, 0, 2405, 14.51
0, 0, 2405, 14.54
0, 0, 2405, 14.50
0, 0, 2405, 14.47
0, 0, 2405, 14.46
0, 0, 2405, 14.45
0, 0, 2405, 14.46
0, 0, 2405, 14.46
94, 0, 2483, 25.52
0, 0, 2405, 17.92
0, 0, 2405, 14.61
0, 0, 2405, 14.55
0, 0, 2405, 14.54
0, 0, 2405, 14.35
0, 0, 2405, 14.28
0, 0, 2405, 14.30
0, 0, 2405, 14.29
0, 0, 2405, 14.27
0, 0, 2405, 14.26
0, 0, 2405, 14.22
0, 0, 2405, 14.24
0, 0, 2405, 14.25
0, 0, 2405, 14.22
0, 0, 2405, 14.22
0, 0, 2405, 14.19
0, 0, 2405, 14.20
0, 0, 2405, 14.20
0, 0, 2405, 14.18
0, 0, 2405, 14.18
0, 0, 2405, 14.15
0, 0, 2405, 14.14
0, 0, 2405, 14.13
0, 0, 2405, 14.14
0, 0, 2405, 14.13
0, 0, 2405, 14.13
0, 0, 2405, 14.11
0, 0, 2405, 14.11
0, 0, 2405, 14.11
0, 0, 2405, 14.11
0, 0, 2405, 14.10
0, 0, 2405, 14.10
0, 0, 2405, 14.09
0, 0, 2405, 14.09
0, 0, 2405, 14.04
0, 0, 2405, 14.06
0, 0, 2405, 14.11
0, 0, 2405, 14.07
0, 0, 2405, 14.07
0, 0, 2405, 14.06
0, 0, 2405, 14.04
0, 0, 2405, 14.04
0, 0, 2405, 14.05
0, 0, 2405, 14.03
0, 0, 2405, 13.97
0, 0, 2405, 13.89
0, 0, 2405, 13.91
0, 0, 2405, 13.91
0, 0, 2405, 13.93
0, 0, 2405, 13.93
0, 0, 2405, 13.90
0, 0, 2405, 13.89
0, 0, 2405, 13.88
0, 0, 2405, 13.92
0, 0, 2405, 13.89
0, 0, 2405, 13.86
0, 0, 2405, 13.85
0, 0, 2405, 13.88
0, 0, 2405, 13.87
0, 0, 2405, 13.88
0, 0, 2405, 13.87
0, 0, 2405, 13.86
0, 0, 2405, 13.86
0, 0, 2405, 13.86
0, 0, 2405, 13.85
0, 0, 2405, 13.83
0, 0, 2405, 13.85
0, 0, 2405, 13.84
0, 0, 2405, 13.84
0, 0, 2405, 13.86
0, 0, 2405, 13.82
0, 0, 2405, 13.81
0, 0, 2405, 13.82
0, 0, 2405, 13.80
0, 0, 2405, 13.78
0, 0, 2405, 13.76
0, 0, 2405, 13.79
0, 0, 2405, 13.81
0, 0, 2405, 13.81
0, 0, 2405, 13.79
0, 0, 2405, 13.77
0, 0, 2405, 13.74
0, 0, 2405, 13.75
0, 0, 2405, 13.75
0, 0, 2405, 13.78
0, 0, 2405, 13.77
0, 0, 2405, 13.79
0, 0, 2405, 13.76
0, 0, 2405, 13.75
0, 0, 2405, 13.74
0, 0, 2405, 13.75
0, 0, 2405, 13.75
0, 0, 2405, 13.74
0, 0, 2405, 13.75
0, 0, 2405, 13.73
0, 0, 2405, 13.74
0, 0, 2405, 13.73
0, 0, 2405, 13.73
0, 0, 2405, 13.72
0, 0, 2405, 13.73
0, 0, 2405, 13.70
0, 0, 2405, 13.73
0, 0, 2405, 13.74
0, 0, 2405, 13.71
0, 0, 2405, 13.71
0, 0, 2405, 13.71
0, 0, 2405, 13.68
0, 0, 2405, 13.70
0, 0, 2405, 13.70
0, 0, 2405, 13.62
0, 0, 2405, 13.59
0, 0, 2405, 13.58
0, 0, 2405, 13.59
0, 0, 2405, 13.58
0, 0, 2405, 13.59
0, 0, 2405, 13.61
0, 0, 2405, 13.60
0, 0, 2405, 13.59
0, 0, 2405, 13.56
0, 0, 2405, 13.55
0, 0, 2405, 13.56
0, 0, 2405, 13.56
0, 0, 2405, 13.58
0, 0, 2405, 13.57
0, 0, 2405, 13.60
0, 0, 2405, 13.56
0, 0, 2405, 13.56
0, 0, 2405, 13.56
0, 0, 2405, 13.57
0, 0, 2405, 13.56
0, 0, 2405, 13.54
0, 0, 2405, 13.52
0, 0, 2405, 13.53
0, 0, 2405, 13.55
0, 0, 2405, 13.52
0, 0, 2405, 13.51
0, 0, 2405, 13.53
0, 0, 2405, 13.51
0, 0, 2405, 13.52
0, 0, 2405, 13.50
0, 0, 2405, 13.49
0, 0, 2405, 13.49
0, 0, 2405, 13.52
0, 0, 2405, 13.51
0, 0, 2405, 13.51
0, 0, 2405, 13.49
0, 0, 2405, 13.51
0, 0, 2405, 13.50
0, 0, 2405, 13.48
0, 0, 2405, 13.48
0, 0, 2405, 13.47
0, 0, 2405, 13.46
0, 0, 2405, 13.49
0, 0, 2405, 13.49
0, 0, 2405, 13.48
0, 0, 2405, 13.45
0, 0, 2405, 13.46
0, 0, 2405, 13.46
0, 0, 2405, 13.48
0, 0, 2405, 13.48
0, 0, 2405, 13.47
0, 0, 2405, 13.45
0, 0, 2405, 13.48
0, 0, 2405, 13.48
0, 0, 2405, 13.48
0, 0, 2405, 13.50
0, 0, 2405, 13.48
0, 0, 2405, 13.48
0, 0, 2405, 13.48
0, 0, 2405, 13.44
0, 0, 2405, 13.45
0, 0, 2405, 13.46
0, 0, 2405, 13.49
0, 0, 2405, 13.48
0, 0, 2405, 13.48
0, 0, 2405, 13.49
0, 0, 2405, 13.51
0, 0, 2405, 13.48
0, 0, 2405, 13.47
0, 0, 2405, 13.46
0, 0, 2405, 13.45
0, 0, 2405, 13.45
0, 0, 2405, 13.43
0, 0, 2405, 13.42
0, 0, 2405, 13.47
0, 0, 2405, 13.48
0, 0, 2405, 13.50
0, 0, 2405, 13.47
0, 0, 2405, 13.47
0, 0, 2405, 13.44
0, 0, 2405, 13.45
0, 0, 2405, 13.45
0, 0, 2405, 13.44
0, 0, 2405, 13.44
0, 0, 2405, 13.44
0, 0, 2405, 13.42
0, 0, 2405, 13.41
0, 0, 2405, 13.42
0, 0, 2405, 13.44
0, 0, 2405, 13.41
0, 0, 2405, 13.42
0, 0, 2405, 13.43
0, 0, 2405, 13.45
0, 0, 2405, 13.42
0, 0, 2405, 13.41
0, 0, 2405, 13.40
0, 0, 2405, 13.41
0, 0, 2405, 13.40
0, 0, 2405, 13.42
0, 0, 2405, 13.40
0, 0, 2405, 13.44
0, 0, 2405, 13.42
0, 0, 2405, 13.42
0, 0, 2405, 13.40
0, 0, 2405, 13.38
0, 0, 2405, 13.39
0, 0, 2405, 13.40
56, 0, 2450, 17.64
96, 0, 2509, 40.95
96, 0, 2509, 41.47
96, 0, 2509, 41.62
96, 0, 2509, 41.75
95, 0, 2509, 41.85
96, 0, 2509, 41.91
96, 0, 2509, 42.00
96, 0, 2509, 42.08
95, 0, 2509, 42.06
96, 0, 2509, 42.08
96, 0, 2509, 42.22
96, 0, 2509, 42.19
95, 0, 2509, 41.99
96, 0, 2509, 42.30
96, 0, 2509, 42.37
95, 0, 2509, 42.28
96, 0, 2509, 42.37
96, 0, 2509, 42.46
96, 0, 2509, 42.51
95, 0, 2509, 42.55
96, 0, 2509, 42.65
96, 0, 2509, 42.72
95, 0, 2509, 42.65
96, 0, 2502, 39.81
96, 0, 2496, 36.08
96, 0, 2509, 37.20
95, 0, 2509, 42.35
95, 0, 2509, 42.56
96, 0, 2509, 42.67
96, 0, 2509, 42.72
96, 0, 2509, 42.86
96, 0, 2509, 42.87
95, 0, 2509, 42.85
96, 0, 2496, 42.93
96, 0, 2489, 42.96
96, 0, 2489, 42.97
96, 0, 2489, 43.03
96, 0, 2489, 43.09
95, 0, 2489, 43.06
95, 0, 2496, 43.09
96, 0, 2496, 43.12
95, 0, 2496, 43.25
96, 0, 2496, 43.23
95, 0, 2489, 43.28
96, 0, 2496, 43.13
95, 0, 2489, 43.47
96, 0, 2489, 42.95
96, 0, 2496, 42.07
95, 0, 2489, 40.46
96, 0, 2502, 33.08
96, 0, 2489, 43.70
96, 0, 2496, 43.28
96, 0, 2496, 43.28
96, 0, 2489, 43.39
95, 0, 2489, 43.47
95, 0, 2489, 43.43
96, 0, 2489, 43.56
95, 0, 2489, 43.62
96, 0, 2489, 43.62
96, 0, 2496, 43.66
95, 0, 2489, 43.72
96, 0, 2496, 43.49
95, 0, 2496, 43.65
96, 0, 2489, 43.71
95, 0, 2496, 43.72
96, 0, 2496, 43.90
96, 0, 2496, 43.78
96, 0, 2496, 43.87
96, 0, 2496, 43.84
95, 0, 2496, 43.72
96, 0, 2489, 43.91
96, 0, 2496, 43.96
95, 0, 2489, 41.86
95, 0, 2489, 39.66
59, 0, 2483, 35.28
96, 0, 2489, 39.29
95, 0, 2489, 43.64
95, 0, 2489, 43.76
95, 0, 2489, 43.92
96, 0, 2489, 43.99
96, 0, 2489, 44.01
96, 0, 2496, 43.99
96, 0, 2489, 44.15
96, 0, 2489, 44.15
95, 0, 2496, 44.06
96, 0, 2489, 43.85
96, 0, 2489, 44.19
96, 0, 2496, 44.10
95, 0, 2489, 44.17
96, 0, 2496, 44.42
95, 0, 2496, 44.02
96, 0, 2496, 44.33
96, 0, 2489, 44.33
96, 0, 2496, 44.28
95, 0, 2489, 44.22
96, 0, 2489, 44.15
95, 0, 2489, 44.34
96, 0, 2489, 44.48
96, 0, 2489, 42.71
39, 0, 2483, 36.25
96, 0, 2489, 42.59
96, 0, 2489, 44.02
96, 0, 2489, 44.18
96, 0, 2489, 44.37
96, 0, 2489, 44.40
95, 0, 2489, 44.40
95, 0, 2489, 44.51
96, 0, 2496, 44.44
95, 0, 2489, 44.43
96, 0, 2489, 44.46
96, 0, 2496, 44.46
95, 0, 2489, 44.33
96, 0, 2489, 44.47
96, 0, 2489, 44.61
95, 0, 2489, 44.62
96, 0, 2496, 44.73
96, 0, 2496, 44.65
96, 0, 2496, 44.76
96, 0, 2496, 44.94
96, 0, 2489, 44.85
96, 0, 2489, 44.82
96, 0, 2496, 44.82
96, 0, 2489, 44.30
96, 0, 2489, 44.16
96, 0, 2489, 41.32
0, 0, 2411, 27.94
11, 0, 2411, 16.83
0, 0, 2411, 17.75
0, 0, 2411, 17.04
0, 0, 247, 11.60
0, 0, 208, 7.64
0, 0, 208, 7.63
0, 0, 208, 6.62
0, 0, 208, 6.60
0, 0, 208, 6.59
0, 0, 208, 6.39
0, 0, 208, 6.40
0, 0, 208, 6.43
0, 0, 208, 6.51
0, 0, 208, 6.48
0, 0, 208, 6.39
0, 0, 208, 6.41
0, 0, 208, 6.43
0, 0, 208, 6.41
0, 0, 208, 6.35
0, 0, 208, 6.29
0, 0, 208, 6.33
0, 0, 208, 6.48
0, 0, 208, 6.37
0, 0, 208, 6.27
0, 0, 208, 6.28
0, 0, 208, 6.23
0, 0, 214, 6.31
0, 0, 208, 6.30
0, 0, 208, 6.24
0, 0, 208, 6.19
0, 0, 208, 6.21
0, 0, 208, 6.17
0, 0, 208, 6.17
0, 0, 201, 6.29
0, 0, 214, 6.35
0, 0, 208, 6.25
0, 0, 208, 6.16
0, 0, 208, 6.14
0, 0, 208, 6.15
0, 0, 208, 6.15
0, 0, 208, 6.19
0, 0, 208, 6.13
0, 0, 208, 6.18
0, 0, 208, 6.21
0, 0, 208, 6.14
0, 0, 208, 6.13
0, 0, 208, 6.12
0, 0, 208, 6.11
0, 0, 208, 6.12
0, 0, 208, 6.16
0, 0, 208, 6.12
0, 0, 208, 6.15
0, 0, 208, 6.11
0, 0, 208, 6.10
0, 0, 208, 6.07
0, 0, 208, 6.01
0, 0, 208, 6.03
0, 0, 208, 6.04
0, 0, 208, 6.02
0, 0, 208, 6.08
0, 0, 208, 6.06
0, 0, 208, 5.98
0, 0, 208, 6.08
0, 0, 208, 6.10
0, 0, 208, 6.02
0, 0, 208, 6.02
0, 0, 208, 6.01
0, 0, 208, 5.99
0, 0, 208, 5.99
0, 0, 208, 6.00
0, 0, 208, 6.04
0, 0, 208, 6.01
0, 0, 208, 6.01
0, 0, 208, 5.97
0, 0, 208, 6.00
0, 0, 208, 5.94
0, 0, 208, 5.97
0, 0, 208, 5.97
0, 0, 208, 6.01
0, 0, 208, 5.96
0, 0, 208, 5.97
0, 0, 208, 5.94
0, 0, 208, 5.95
0, 0, 208, 6.01
0, 0, 208, 5.96
0, 0, 208, 5.94
0, 0, 208, 5.95
0, 0, 208, 5.93
0, 0, 208, 5.90
0, 0, 208, 5.97
0, 0, 208, 5.98
0, 0, 208, 5.95
0, 0, 208, 5.89
0, 0, 208, 5.95
0, 0, 208, 5.89
0, 0, 208, 5.88
0, 0, 208, 5.86
0, 0, 208, 5.86
0, 0, 208, 5.86
0, 0, 208, 5.90
0, 0, 208, 5.83
0, 0, 208, 5.83
0, 0, 208, 5.85
0, 0, 208, 5.84
0, 0, 208, 5.85
0, 0, 208, 5.85
0, 0, 208, 5.85
0, 0, 208, 5.85
0, 0, 208, 5.85
0, 0, 208, 5.83
0, 0, 208, 5.84
0, 0, 208, 5.85
0, 0, 208, 5.84
0, 0, 208, 5.82
0, 0, 208, 5.86
0, 0, 208, 5.88
0, 0, 208, 5.85
0, 0, 208, 5.83
0, 0, 208, 5.83
0, 0, 208, 5.88
0, 0, 208, 5.87
0, 0, 208, 5.83
0, 0, 208, 5.83
0, 0, 208, 5.89
0, 0, 208, 5.82
0, 0, 208, 5.82
0, 0, 208, 5.80
0, 0, 208, 5.80
0, 0, 208, 5.81
0, 0, 208, 5.88
0, 0, 208, 5.85
0, 0, 208, 5.80
0, 0, 208, 5.80
0, 0, 208, 5.78
0, 0, 208, 5.78
0, 0, 208, 5.77
0, 0, 208, 5.82
0, 0, 208, 5.80
0, 0, 208, 5.78
0, 0, 208, 5.76
0, 0, 208, 5.77
0, 0, 208, 5.85
0, 0, 208, 5.82
0, 0, 208, 5.76
0, 0, 208, 5.79
0, 0, 208, 5.82
0, 0, 208, 5.78
0, 0, 208, 5.77
0, 0, 208, 5.76
0, 0, 208, 5.75
0, 0, 208, 5.76
0, 0, 208, 5.81
0, 0, 208, 5.79
0, 0, 208, 5.74
0, 0, 208, 5.73
0, 0, 208, 5.74
0, 0, 208, 5.75
0, 0, 208, 5.74
0, 0, 208, 5.79
0, 0, 208, 5.78
0, 0, 208, 5.78
0, 0, 208, 5.75
0, 0, 208, 5.76
0, 0, 208, 5.74
0, 0, 208, 5.77
0, 0, 208, 5.77
0, 0, 208, 5.78
0, 0, 208, 5.76
0, 0, 208, 5.75
0, 0, 208, 5.77
0, 0, 208, 5.77
0, 0, 208, 5.77
0, 0, 208, 5.76
0, 0, 208, 5.76
0, 0, 208, 5.76
0, 0, 208, 5.74
0, 0, 208, 5.76
0, 0, 208, 5.76
0, 0, 208, 5.75
0, 0, 208, 5.70
0, 0, 208, 5.74
0, 0, 208, 5.70
0, 0, 208, 5.70
0, 0, 208, 5.68
0, 0, 208, 5.76
0, 0, 208, 5.71
0, 0, 208, 5.69
0, 0, 208, 5.69
0, 0, 208, 5.69
0, 0, 208, 5.68
0, 0, 208, 5.68
0, 0, 208, 5.66
0, 0, 208, 5.68
0, 0, 208, 5.69
0, 0, 208, 5.69
0, 0, 208, 5.69
0, 0, 208, 5.76
0, 0, 208, 5.72
0, 0, 208, 5.70
0, 0, 208, 5.69
0, 0, 208, 5.68
0, 0, 208, 5.66
0, 0, 208, 5.64
0, 0, 208, 5.68
0, 0, 208, 5.72
0, 0, 208, 5.68
0, 0, 208, 5.67
0, 0, 208, 5.68
0, 0, 208, 5.69
0, 0, 208, 5.67
0, 0, 208, 5.69
0, 0, 208, 5.68
0, 0, 208, 5.68
0, 0, 208, 5.69
0, 0, 208, 5.70
0, 0, 208, 5.70
0, 0, 214, 5.75
0, 0, 208, 5.71
0, 0, 208, 5.72
0, 0, 208, 5.71
0, 0, 208, 5.71
0, 0, 208, 5.71
0, 0, 208, 5.70
0, 0, 208, 5.69
0, 0, 208, 5.69
0, 0, 208, 5.69
0, 0, 208, 5.76
0, 0, 208, 5.73
0, 0, 208, 5.67
0, 0, 208, 5.66
0, 0, 208, 5.66
0, 0, 208, 5.66
0, 0, 208, 5.64
0, 0, 208, 5.64
0, 0, 208, 5.66
0, 0, 208, 5.66
0, 0, 208, 5.66
0, 0, 208, 5.68
0, 0, 208, 5.67
0, 0, 208, 5.63
0, 0, 208, 5.63
0, 0, 208, 5.64
0, 0, 208, 5.65
0, 0, 208, 5.63
0, 0, 208, 5.67
0, 0, 208, 5.66
0, 0, 208, 5.67
0, 0, 208, 5.65
0, 0, 208, 5.64
0, 0, 208, 5.66
0, 0, 208, 5.66
0, 0, 208, 5.67
0, 0, 208, 5.63
0, 0, 208, 5.65
0, 0, 208, 5.66
0, 0, 208, 5.65
0, 0, 208, 5.66
0, 0, 208, 5.68
0, 0, 208, 5.68
0, 0, 208, 5.65
0, 0, 208, 5.66
0, 0, 208, 5.66
0, 0, 208, 5.65
0, 0, 208, 5.61
0, 0, 208, 5.64
0, 0, 208, 5.64
0, 0, 208, 5.65
0, 0, 208, 5.65
0, 0, 208, 5.65
0, 0, 208, 5.66
0, 0, 208, 5.63
0, 0, 208, 5.64
0, 0, 208, 5.63
0, 0, 208, 5.63
0, 0, 208, 5.62
0, 0, 208, 5.65
0, 0, 208, 5.61
0, 0, 208, 5.65
0, 0, 208, 5.64
0, 0, 208, 5.65
0, 0, 208, 5.66
0, 0, 208, 5.58
0, 0, 208, 5.60
0, 0, 208, 5.62
0, 0, 208, 5.62
0, 0, 208, 5.62
0, 0, 208, 5.61
0, 0, 208, 5.62
0, 0, 208, 5.61
0, 0, 208, 5.64
0, 0, 208, 5.63
0, 0, 208, 5.64
0, 0, 208, 5.62
0, 0, 208, 5.61
0, 0, 208, 5.64
0, 0, 208, 5.64
0, 0, 208, 5.65
0, 0, 208, 5.66
0, 0, 208, 5.69
0, 0, 208, 5.68
0, 0, 208, 5.67
0, 0, 208, 5.67
0, 0, 208, 5.66
0, 0, 208, 5.66
0, 0, 208, 5.63
0, 0, 208, 5.63
0, 0, 208, 5.61
0, 0, 208, 5.62
0, 0, 208, 5.62
0, 0, 208, 5.65
0, 0, 208, 5.64
0, 0, 208, 5.61
0, 0, 208, 5.63
0, 0, 208, 5.64
0, 0, 208, 5.63
0, 0, 208, 5.64
0, 0, 208, 5.63
0, 0, 208, 5.64
0, 0, 208, 5.63
0, 0, 208, 5.65
0, 0, 208, 5.65
0, 0, 208, 5.64
0, 0, 208, 5.63
0, 0, 208, 5.62
0, 0, 208, 5.60
0, 0, 208, 5.65
0, 0, 208, 5.64
0, 0, 208, 5.62
0, 0, 208, 5.62
0, 0, 208, 5.62
0, 0, 208, 5.61
0, 0, 208, 5.62
0, 0, 208, 5.62
0, 0, 208, 5.64
0, 0, 208, 5.62
0, 0, 208, 5.63
0, 0, 208, 5.62
0, 0, 208, 5.64
0, 0, 208, 5.67
0, 0, 208, 5.67
0, 0, 208, 5.66
0, 0, 208, 5.64
0, 0, 208, 5.61
0, 0, 208, 5.62
0, 0, 208, 5.61
0, 0, 208, 5.61
0, 0, 208, 5.61
0, 0, 208, 5.62
0, 0, 208, 5.62
0, 0, 208, 5.61
0, 0, 208, 5.60
0, 0, 208, 5.58
0, 0, 208, 5.59
0, 0, 208, 5.58
0, 0, 208, 5.54
0, 0, 208, 5.55
0, 0, 208, 5.56
0, 0, 208, 5.58
0, 0, 208, 5.57
0, 0, 208, 5.54
0, 0, 208, 5.54
0, 0, 208, 5.55
0, 0, 208, 5.56
0, 0, 208, 5.56
0, 0, 208, 5.55
0, 0, 208, 5.56
0, 0, 208, 5.55
0, 0, 208, 5.55
0, 0, 208, 5.57
0, 0, 208, 5.57
0, 0, 208, 5.57
0, 0, 208, 5.57
0, 0, 208, 5.55
0, 0, 208, 5.57
0, 0, 208, 5.58
0, 0, 208, 5.61
0, 0, 208, 5.55
0, 0, 208, 5.55
0, 0, 208, 5.56
0, 0, 208, 5.56
0, 0, 208, 5.56
0, 0, 208, 5.59
0, 0, 208, 5.58
0, 0, 208, 5.56
0, 0, 208, 5.57
0, 0, 208, 5.56
0, 0, 208, 5.55
0, 0, 208, 5.55
0, 0, 208, 5.55
0, 0, 208, 5.55
0, 0, 208, 5.53
0, 0, 208, 5.56
0, 0, 208, 5.56
0, 0, 208, 5.56
0, 0, 208, 5.53
0, 0, 208, 5.55
0, 0, 208, 5.57
0, 0, 208, 5.57
0, 0, 208, 5.54
0, 0, 208, 5.58
0, 0, 208, 5.57
0, 0, 208, 5.56
0, 0, 201, 5.57
0, 0, 208, 5.58
0, 0, 208, 5.53
0, 0, 208, 5.55
0, 0, 208, 5.57
0, 0, 208, 5.59
0, 0, 208, 5.57
0, 0, 208, 5.53
0, 0, 208, 5.54
0, 0, 208, 5.55
0, 0, 208, 5.56
0, 0, 208, 5.57
0, 0, 208, 5.57
0, 0, 208, 5.58
0, 0, 208, 5.58
0, 0, 208, 5.58
0, 0, 208, 5.55
0, 0, 208, 5.55
0, 0, 208, 5.53
0, 0, 208, 5.53
0, 0, 208, 5.54
0, 0, 208, 5.53
0, 0, 208, 5.53
0, 0, 208, 5.56
0, 0, 208, 5.58
0, 0, 208, 5.56
0, 0, 208, 5.54
0, 0, 208, 5.58
0, 0, 208, 5.52
0, 0, 208, 5.54
0, 0, 208, 5.56
0, 0, 208, 5.58
0, 0, 208, 5.53
0, 0, 208, 5.55
0, 0, 208, 5.52
0, 0, 208, 5.54
0, 0, 208, 5.55
0, 0, 208, 5.58
0, 0, 208, 5.58
0, 0, 208, 5.59
0, 0, 208, 5.59
0, 0, 201, 5.61
0, 0, 208, 5.57
0, 0, 208, 5.58
0, 0, 208, 5.53
0, 0, 208, 5.54
0, 0, 208, 5.54
0, 0, 208, 5.59
0, 0, 208, 5.56
0, 0, 208, 5.60
0, 0, 208, 5.58
0, 0, 208, 5.55
0, 0, 208, 5.55
0, 0, 208, 5.57
0, 0, 208, 5.56
0, 0, 208, 5.58
0, 0, 208, 5.57
0, 0, 208, 5.63
0, 0, 208, 5.59
0, 0, 208, 5.55
0, 0, 208, 5.61
0, 0, 208, 5.58
0, 0, 208, 5.54
0, 0, 208, 5.56
0, 0, 208, 5.57
0, 0, 208, 5.57
0, 0, 208, 5.55
0, 0, 208, 5.56
0, 0, 208, 5.55
0, 0, 208, 5.55
0, 0, 208, 5.51
0, 0, 208, 5.53
0, 0, 208, 5.54
0, 0, 208, 5.55
0, 0, 208, 5.55
0, 0, 208, 5.55
0, 0, 208, 5.50
0, 0, 208, 5.55
0, 0, 208, 5.55
0, 0, 208, 5.54
0, 0, 208, 5.55
0, 0, 208, 5.54
0, 0, 201, 5.56
0, 0, 208, 5.56
0, 0, 208, 5.55
0, 0, 208, 5.57
0, 0, 208, 5.53
0, 0, 208, 5.55
0, 0, 208, 5.56
0, 0, 208, 5.54
0, 0, 208, 5.54
0, 0, 208, 5.54
0, 0, 208, 5.52
0, 0, 208, 5.53
0, 0, 208, 5.51
0, 0, 208, 5.51
0, 0, 208, 5.51
0, 0, 208, 5.51
0, 0, 208, 5.53
0, 0, 208, 5.54
0, 0, 208, 5.51
0, 0, 208, 5.53
0, 0, 208, 5.52
0, 0, 208, 5.56
0, 0, 208, 5.53
0, 0, 208, 5.55
0, 0, 208, 5.52
0, 0, 208, 5.51
0, 0, 208, 5.51
0, 0, 208, 5.51
0, 0, 208, 5.51
0, 0, 208, 5.49
0, 0, 208, 5.50
0, 0, 208, 5.51
0, 0, 208, 5.50
0, 0, 208, 5.50
0, 0, 208, 5.49
0, 0, 208, 5.51
0, 0, 208, 5.48
0, 0, 208, 5.50
0, 0, 208, 5.52
0, 0, 208, 5.57
0, 0, 208, 5.49
0, 0, 201, 5.49
0, 0, 208, 5.47
0, 0, 208, 5.49
0, 0, 208, 5.48
0, 0, 208, 5.51
0, 0, 208, 5.50
0, 0, 208, 5.49
0, 0, 208, 5.47
0, 0, 208, 5.48
0, 0, 208, 5.49
0, 0, 208, 5.50
0, 0, 208, 5.49
0, 0, 208, 5.51
0, 0, 208, 5.53
0, 0, 208, 5.56
0, 0, 208, 5.55
0, 0, 208, 5.53
0, 0, 208, 5.51
0, 0, 208, 5.50
0, 0, 208, 5.51
0, 0, 208, 5.51
0, 0, 208, 5.51
0, 0, 208, 5.51
0, 0, 208, 5.52
0, 0, 208, 5.50
0, 0, 208, 5.50
0, 0, 208, 5.50
0, 0, 208, 5.51
0, 0, 208, 5.51
0, 0, 208, 5.50
0, 0, 208, 5.51
0, 0, 208, 5.50
0, 0, 208, 5.51
0, 0, 208, 5.50
0, 0, 208, 5.51
0, 0, 208, 5.51
0, 0, 208, 5.51
0, 0, 208, 5.49
0, 0, 208, 5.49
0, 0, 208, 5.53
0, 0, 208, 5.53
0, 0, 201, 5.51
0, 0, 208, 5.50
0, 0, 208, 5.50
0, 0, 208, 5.52
0, 0, 208, 5.53
0, 0, 208, 5.52
0, 0, 208, 5.51
0, 0, 208, 5.51
0, 0, 208, 5.55
0, 0, 208, 5.55
0, 0, 208, 5.52
0, 0, 208, 5.53
0, 0, 208, 5.55
0, 0, 208, 5.59
0, 0, 208, 5.53
0, 0, 208, 5.54
0, 0, 208, 5.51
0, 0, 208, 5.49
0, 0, 208, 5.60
0, 0, 208, 5.67
0, 0, 208, 5.71
0, 0, 208, 5.74
0, 0, 208, 5.72
0, 0, 208, 5.51
0, 0, 208, 5.49
0, 0, 208, 5.51
0, 0, 208, 5.55
0, 0, 208, 5.55
0, 0, 208, 5.49
0, 0, 208, 5.50
0, 0, 208, 5.51
0, 0, 208, 5.51
0, 0, 208, 5.51
0, 0, 208, 5.49
0, 0, 208, 5.50
0, 0, 208, 5.49
0, 0, 208, 5.48
0, 0, 208, 5.47
0, 0, 208, 5.50
0, 0, 208, 5.51
0, 0, 208, 5.50
0, 0, 201, 5.47
0, 0, 208, 5.46
0, 0, 208, 5.49
0, 0, 208, 5.46
0, 0, 208, 5.48
0, 0, 208, 5.49
0, 0, 208, 5.49
0, 0, 208, 5.48
0, 0, 208, 5.47
0, 0, 208, 5.45
0, 0, 208, 5.48
0, 0, 208, 5.47
0, 0, 208, 5.47
0, 0, 208, 5.46
0, 0, 208, 5.45
0, 0, 208, 5.45
0, 0, 208, 5.44
0, 0, 208, 5.48
0, 0, 208, 5.48
0, 0, 208, 5.47
0, 0, 208, 5.46
0, 0, 208, 5.44
0, 0, 208, 5.51
0, 0, 208, 5.49
0, 0, 208, 5.48
0, 0, 208, 5.47
0, 0, 208, 5.51
0, 0, 208, 5.47
0, 0, 208, 5.51
0, 0, 208, 5.51
0, 0, 208, 5.51
0, 0, 208, 5.51
0, 0, 208, 5.53
0, 0, 208, 5.57
0, 0, 208, 5.56
0, 0, 208, 5.53
0, 0, 208, 5.61
0, 0, 208, 5.65
0, 0, 208, 5.65
0, 0, 208, 5.71
0, 0, 208, 5.54
0, 0, 201, 5.52
0, 0, 208, 5.54
0, 0, 208, 5.59
0, 0, 208, 5.61
0, 0, 208, 5.59
0, 0, 208, 5.63
0, 0, 208, 5.69
0, 0, 208, 5.71
0, 0, 208, 5.72
0, 0, 208, 5.69
0, 0, 208, 5.63
0, 0, 208, 5.68
0, 0, 208, 5.68
0, 0, 208, 5.69
0, 0, 208, 5.68
0, 0, 208, 5.93
0, 0, 208, 6.04
0, 0, 208, 6.02
0, 0, 208, 5.80
0, 0, 208, 5.82
0, 0, 208, 5.91
0, 0, 208, 5.97
0, 0, 208, 5.93
0, 0, 208, 5.78
0, 0, 208, 6.02
0, 0, 208, 6.00
0, 0, 208, 6.00
0, 0, 208, 5.74
0, 0, 208, 5.70
0, 0, 208, 5.82
0, 0, 208, 5.80
0, 0, 208, 5.80
0, 0, 208, 5.78
0, 0, 208, 5.78
0, 0, 208, 5.78
0, 0, 208, 5.77
0, 0, 208, 5.68
0, 0, 208, 5.62
0, 0, 208, 5.54
0, 0, 208, 5.55
0, 0, 208, 5.55
0, 0, 201, 5.56
0, 0, 208, 5.56
1, 0, 903, 8.61
0, 0, 2411, 13.27
0, 0, 2411, 13.31
0, 0, 2411, 13.37
11, 0, 2424, 15.21
15, 0, 2431, 15.74
13, 0, 2424, 15.68
18, 0, 2411, 14.99
1, 0, 2405, 13.62
1, 0, 2405, 13.62
1, 0, 2405, 13.63
1, 0, 2405, 13.43
1, 0, 2405, 13.34
1, 0, 2405, 13.35
1, 0, 2405, 13.45
1, 0, 2405, 13.33
1, 0, 2405, 13.34
1, 0, 2405, 13.36
2, 0, 2405, 13.52
1, 0, 2405, 13.38
1, 0, 2405, 13.39
1, 0, 2405, 13.36
1, 0, 2405, 13.51
1, 0, 2405, 13.43
1, 0, 2405, 13.43
1, 0, 2405, 13.44
1, 0, 2405, 13.52
1, 0, 2405, 13.41
1, 0, 2405, 13.41
1, 0, 2405, 13.44
1, 0, 2405, 13.48
1, 0, 2405, 13.45
1, 0, 2405, 13.41
1, 0, 2405, 13.43
1, 0, 2405, 13.47
1, 0, 2405, 13.46
1, 0, 2405, 13.44
1, 0, 2405, 13.46
1, 0, 2405, 13.46
1, 0, 2405, 13.52
1, 0, 2405, 13.45
1, 0, 2405, 13.47
1, 0, 2405, 13.47
1, 0, 2405, 13.56
1, 0, 2405, 13.47
1, 0, 2405, 13.47
1, 0, 2405, 13.48
1, 0, 2405, 13.53
1, 0, 2405, 13.51
1, 0, 2405, 13.51
1, 0, 2405, 13.48
1, 0, 2405, 13.53
1, 0, 2405, 13.60
1, 0, 2405, 13.49
1, 0, 2405, 13.49
1, 0, 2405, 13.52
1, 0, 2405, 13.59
1, 0, 2405, 13.52
1, 0, 2405, 13.49
1, 0, 2405, 13.47
0, 0, 2405, 13.61
1, 0, 2405, 13.52
1, 0, 2405, 13.50
1, 0, 2405, 13.50
1, 0, 2405, 13.50
1, 0, 2405, 13.59
1, 0, 2405, 13.59
1, 0, 2405, 13.60
1, 0, 2405, 13.57
1, 0, 2405, 13.63
1, 0, 2405, 13.64
1, 0, 2405, 13.72
1, 0, 2405, 13.68
1, 0, 2405, 13.68
1, 0, 2405, 13.56
1, 0, 2405, 13.58
1, 0, 2405, 13.56
1, 0, 2405, 13.69
1, 0, 2405, 13.58
1, 0, 2405, 13.58
1, 0, 2405, 13.60
1, 0, 2405, 13.69
1, 0, 2405, 13.60
1, 0, 2405, 13.57
1, 0, 2405, 13.60
1, 0, 2405, 13.73
1, 0, 2405, 13.59
1, 0, 2405, 13.59
1, 0, 2405, 13.60
1, 0, 2405, 13.68
1, 0, 2405, 13.60
1, 0, 2405, 13.61
1, 0, 2405, 13.62
0, 0, 2405, 13.74
1, 0, 2405, 13.61
2, 0, 2405, 13.65
2, 0, 2405, 13.57
0, 0, 2405, 13.67
1, 0, 2405, 13.60
1, 0, 2405, 13.57
1, 0, 2405, 13.59
1, 0, 2405, 13.62
1, 0, 2405, 13.66
1, 0, 2405, 13.60
1, 0, 2405, 13.61
1, 0, 2405, 13.63
1, 0, 2405, 13.70
1, 0, 2405, 13.63
1, 0, 2405, 13.61
1, 0, 2405, 13.63
1, 0, 2405, 13.66
1, 0, 2405, 13.69
1, 0, 2405, 13.64
1, 0, 2405, 13.63
1, 0, 2405, 13.63
0, 0, 2405, 13.72
1, 0, 2405, 13.62
1, 0, 2405, 13.63
1, 0, 2405, 13.65
1, 0, 2405, 13.69
1, 0, 2405, 13.72
1, 0, 2405, 13.65
1, 0, 2405, 13.65
1, 0, 2405, 13.77
0, 0, 2405, 14.19
1, 0, 2405, 13.73
0, 0, 2405, 13.68
0, 0, 2405, 13.68
0, 0, 2405, 13.66
0, 0, 2405, 13.70
0, 0, 2405, 13.69
1, 0, 2405, 14.08
0, 0, 2405, 14.13
0, 0, 2405, 14.27
0, 0, 2405, 14.27
1, 0, 2405, 14.02
2, 0, 2405, 13.81
1, 0, 2405, 13.71
1, 0, 2405, 13.73
1, 0, 2405, 13.72
1, 0, 2405, 13.79
1, 0, 2405, 13.72
1, 0, 2405, 13.72
1, 0, 2405, 13.70
1, 0, 2405, 13.77
1, 0, 2405, 13.82
1, 0, 2405, 13.71
1, 0, 2405, 13.70
1, 0, 2405, 13.74
1, 0, 2405, 13.80
1, 0, 2405, 13.71
1, 0, 2405, 13.73
1, 0, 2405, 13.74
1, 0, 2405, 13.76
1, 0, 2405, 13.75
1, 0, 2405, 13.73
1, 0, 2405, 13.72
1, 0, 2405, 13.75
1, 0, 2405, 13.81
1, 0, 2405, 13.73
1, 0, 2405, 13.74
1, 0, 2405, 13.73
1, 0, 2405, 13.75
1, 0, 2405, 13.84
1, 0, 2405, 13.74
1, 0, 2405, 13.74
1, 0, 2405, 13.72
0, 0, 2405, 13.79
1, 0, 2405, 13.71
1, 0, 2405, 13.73
1, 0, 2405, 13.74
1, 0, 2405, 13.78
1, 0, 2405, 13.82
1, 0, 2405, 13.77
1, 0, 2405, 13.74
1, 0, 2405, 13.75
1, 0, 2405, 13.81
1, 0, 2405, 13.76
1, 0, 2405, 13.78
2, 0, 2405, 13.77
2, 0, 2405, 13.91
1, 0, 2405, 13.78
1, 0, 2405, 13.78
1, 0, 2405, 13.80
1, 0, 2405, 13.87
1, 0, 2405, 13.79
1, 0, 2405, 13.76
2, 0, 2405, 13.80
1, 0, 2405, 13.89
1, 0, 2405, 13.78
1, 0, 2405, 13.78
1, 0, 2405, 13.76
1, 0, 2405, 13.87
1, 0, 2405, 13.79
1, 0, 2405, 14.05
1, 0, 2405, 13.97
1, 0, 2405, 13.88
1, 0, 2405, 13.91
0, 0, 2405, 14.91
0, 0, 2405, 14.80
1, 0, 2405, 14.24
1, 0, 2405, 13.83
1, 0, 2405, 13.82
9, 0, 2405, 13.56
0, 0, 2405, 13.50
0, 0, 2405, 13.50
0, 0, 2431, 14.99
84, 0, 2509, 34.01
76, 0, 2515, 40.94
89, 0, 2483, 43.06
96, 0, 2502, 42.98
85, 0, 2502, 41.21
94, 0, 2483, 44.49
70, 0, 2509, 41.24
89, 0, 2483, 43.77
87, 0, 2502, 42.59
87, 0, 2489, 44.94
96, 0, 2515, 42.02
70, 0, 2483, 42.79
91, 0, 2502, 43.80
76, 0, 2502, 41.17
88, 0, 2489, 44.88
96, 0, 2509, 41.68
84, 0, 2483, 43.50
5, 0, 2405, 25.35
0, 0, 2405, 14.23
0, 0, 2405, 14.18
0, 0, 2405, 14.03
0, 0, 2405, 14.03
0, 0, 2405, 14.01
0, 0, 2405, 14.00
0, 0, 2405, 13.97
0, 0, 2405, 13.98
0, 0, 2405, 13.96
0, 0, 2405, 13.94
0, 0, 2405, 14.06
0, 0, 2405, 14.22
0, 0, 2405, 14.05
0, 0, 2405, 14.32
0, 0, 2405, 13.92
0, 0, 2405, 13.92
0, 0, 2405, 13.89
0, 0, 2405, 13.90
0, 0, 2405, 13.88
0, 0, 2405, 13.88
0, 0, 2405, 13.85
0, 0, 2405, 13.86
0, 0, 2405, 13.85
0, 0, 2405, 13.86
0, 0, 2405, 13.86
1, 0, 2405, 14.11
2, 0, 2405, 14.17
2, 0, 2405, 14.21
1, 0, 2405, 14.23
1, 0, 2405, 14.20
1, 0, 2405, 14.16
1, 0, 2405, 14.16
1, 0, 2405, 14.24
1, 0, 2405, 14.19
1, 0, 2405, 14.17
1, 0, 2405, 14.29
0, 0, 2424, 15.32
68, 0, 2483, 24.68
14, 0, 2502, 26.66
0, 0, 2418, 25.15
0, 0, 2411, 14.07
0, 0, 2405, 14.61
0, 0, 2405, 14.01
0, 0, 2405, 13.97
0, 0, 2405, 13.97
0, 0, 2405, 13.92
0, 0, 2405, 13.92
0, 0, 2411, 14.14
0, 0, 2405, 14.52
0, 0, 2405, 13.83
96, 0, 2541, 19.09
0, 0, 2411, 17.92
0, 0, 2405, 13.97
0, 0, 2405, 13.95
0, 0, 2405, 13.95
0, 0, 2405, 13.95
0, 0, 2476, 14.40
96, 0, 2411, 20.70
0, 0, 2405, 15.41
96, 0, 2489, 56.05
96, 0, 2496, 59.57
96, 0, 2489, 58.21
96, 0, 2489, 57.59
42, 0, 2405, 34.81
0, 0, 2405, 14.37
6, 0, 2405, 16.71
0, 0, 2405, 14.25
0, 0, 2405, 14.24
0, 0, 2405, 14.22
0, 0, 2405, 14.22
10, 0, 2405, 14.95
1, 0, 2405, 14.32
0, 0, 2405, 14.24
0, 0, 2405, 14.14
0, 0, 2405, 14.12
0, 0, 2405, 14.09
0, 0, 2405, 14.67
43, 0, 2509, 28.57
85, 0, 2405, 24.58
0, 0, 2405, 14.30
0, 0, 2405, 14.27
0, 0, 2405, 14.24
0, 0, 2405, 14.25
0, 0, 2405, 14.23
75, 0, 2450, 24.79
0, 0, 2405, 14.18
0, 0, 2405, 14.10
0, 0, 2405, 14.10
0, 0, 2405, 14.07
0, 0, 2405, 14.11
0, 0, 2515, 17.72
33, 0, 2450, 23.31
9, 0, 2405, 19.09
1, 0, 2405, 14.35
0, 0, 2405, 14.55
0, 0, 2411, 15.44
0, 0, 2405, 14.13
0, 0, 2405, 14.09
0, 0, 2405, 14.08
0, 0, 2405, 14.08
0, 0, 2405, 14.12
0, 0, 2405, 14.11
0, 0, 2405, 14.10
0, 0, 2405, 14.09
0, 0, 2405, 14.06
0, 0, 2405, 14.06
0, 0, 2431, 15.79
6, 0, 2496, 20.00
0, 0, 2489, 24.87
96, 0, 2502, 54.15
96, 0, 2496, 56.83
96, 0, 2489, 54.97
96, 0, 2489, 54.83
96, 0, 2496, 55.66
96, 0, 2515, 34.55
96, 0, 2515, 41.45
68, 0, 2502, 34.80
68, 0, 2476, 25.22
87, 0, 2437, 24.98
5, 0, 2463, 22.74
0, 0, 2405, 14.67
0, 0, 2405, 14.60
0, 0, 2405, 14.60
0, 0, 2405, 14.58
0, 0, 2405, 14.58
0, 0, 2405, 14.57
0, 0, 2405, 14.57
0, 0, 2405, 14.58
0, 0, 2405, 14.56
0, 0, 2405, 14.55
0, 0, 2405, 14.53
0, 0, 2405, 14.52
0, 0, 2405, 14.53
0, 0, 2405, 14.50
0, 0, 2405, 14.52
0, 0, 2405, 14.50
0, 0, 2405, 14.45
0, 0, 2405, 14.43
0, 0, 2405, 14.43
0, 0, 2405, 14.44
0, 0, 2405, 14.43
0, 0, 2405, 14.42
0, 0, 2405, 14.42
0, 0, 2405, 14.41
0, 0, 2405, 14.40
0, 0, 2405, 14.40
0, 0, 2405, 14.39
0, 0, 2405, 14.41
0, 0, 2405, 14.38
0, 0, 2405, 14.36
0, 0, 2405, 14.36
0, 0, 2405, 14.38
0, 0, 2405, 14.35
0, 0, 2405, 14.34
0, 0, 2405, 14.37
0, 0, 2405, 14.34
0, 0, 2405, 14.32
96, 0, 2522, 19.17
96, 0, 2515, 22.73
59, 0, 2463, 30.07
0, 0, 2405, 14.44
0, 0, 2405, 14.40
0, 0, 2405, 14.46
0, 0, 2405, 14.27
0, 0, 2405, 14.16
0, 0, 2405, 14.15
0, 0, 2405, 14.16
0, 0, 2405, 14.15
0, 0, 2405, 14.15
0, 0, 2405, 14.14
74, 0, 2509, 31.55
95, 0, 2515, 36.84
96, 0, 2502, 38.10
95, 0, 2502, 38.18
96, 0, 2502, 38.49
95, 0, 2470, 36.16
95, 0, 2502, 38.24
95, 0, 2502, 38.31
96, 0, 2502, 38.46
95, 0, 2502, 38.37
95, 0, 2502, 38.17
95, 0, 2509, 38.46
95, 0, 2502, 38.49
96, 0, 2502, 38.40
95, 0, 2502, 38.80
95, 0, 2502, 38.75
95, 0, 2502, 38.62
95, 0, 2502, 38.29
96, 0, 2450, 35.47
96, 0, 2509, 39.56
95, 0, 2509, 41.73
95, 0, 2509, 41.86
96, 0, 2509, 41.90
95, 0, 2509, 41.89
95, 0, 2509, 41.81
96, 0, 2509, 41.92
96, 0, 2502, 41.85
95, 0, 2496, 42.15
95, 0, 2496, 42.26
95, 0, 2489, 42.28
96, 0, 2489, 42.24
95, 0, 2496, 42.25
96, 0, 2489, 42.40
96, 0, 2489, 42.33
96, 0, 2489, 42.42
96, 0, 2489, 42.45
0, 0, 2489, 32.59
95, 0, 2496, 44.88
96, 0, 2489, 44.74
95, 0, 2496, 44.86
95, 0, 2496, 44.78
96, 0, 2496, 45.02
96, 0, 2496, 45.02
96, 0, 2496, 44.85
96, 0, 2496, 45.08
96, 0, 2496, 45.04
96, 0, 2496, 45.01
96, 0, 2496, 45.17
96, 0, 2489, 45.21
96, 0, 2496, 44.41
96, 0, 2496, 43.92
96, 0, 2496, 45.14
96, 0, 2496, 45.24
96, 0, 2496, 45.22
96, 0, 2496, 45.19
95, 0, 2489, 45.31
95, 0, 2496, 45.37
95, 0, 2496, 45.35
95, 0, 2489, 44.63
95, 0, 2489, 41.09
96, 0, 2457, 35.17
95, 0, 2496, 45.78
96, 0, 2496, 46.00
96, 0, 2496, 46.08
95, 0, 2496, 46.03
95, 0, 2496, 46.06
96, 0, 2496, 46.29
96, 0, 2496, 46.18
95, 0, 2496, 46.29
95, 0, 2496, 46.32
96, 0, 2496, 46.24
96, 0, 2496, 46.53
95, 0, 2496, 46.34
96, 0, 2496, 46.31
95, 0, 2496, 46.45
96, 0, 2496, 46.19
96, 0, 2496, 46.40
96, 0, 2496, 46.46
95, 0, 2496, 46.53
96, 0, 2496, 46.42
95, 0, 2496, 46.61
96, 0, 2496, 46.39
96, 0, 2496, 45.69
95, 0, 2496, 44.54
96, 0, 2483, 40.73
77, 0, 2489, 39.62
95, 0, 2489, 40.68
95, 0, 2489, 40.99
95, 0, 2489, 40.48
96, 0, 2489, 40.66
95, 0, 2489, 40.05
95, 0, 2489, 40.63
95, 0, 2489, 40.75
95, 0, 2489, 40.37
96, 0, 2489, 40.49
96, 0, 2489, 40.52
95, 0, 2489, 40.66
96, 0, 2489, 40.66
96, 0, 2489, 41.01
95, 0, 2489, 40.68
95, 0, 2489, 40.74
95, 0, 2489, 40.74
96, 0, 2489, 41.09
0, 0, 2489, 37.73
96, 0, 2489, 43.50
96, 0, 2489, 43.49
96, 0, 2489, 43.62
95, 0, 2496, 43.60
95, 0, 2489, 43.84
96, 0, 2496, 43.78
95, 0, 2496, 43.86
95, 0, 2496, 44.04
95, 0, 2496, 44.02
96, 0, 2496, 44.06
96, 0, 2496, 44.04
95, 0, 2489, 44.02
95, 0, 2496, 44.10
96, 0, 2489, 44.15
96, 0, 2489, 44.22
95, 0, 2496, 44.15
95, 0, 2496, 44.31
95, 0, 2470, 41.37
96, 0, 2489, 42.28
96, 0, 2489, 46.39
95, 0, 2496, 46.34
95, 0, 2496, 46.46
96, 0, 2496, 46.50
96, 0, 2496, 46.52
96, 0, 2496, 46.53
96, 0, 2496, 46.53
95, 0, 2496, 46.63
95, 0, 2496, 46.59
95, 0, 2496, 46.63
95, 0, 2476, 46.73
95, 0, 2476, 46.70
95, 0, 2476, 46.74
95, 0, 2476, 46.76
95, 0, 2476, 46.90
95, 0, 2476, 46.78
95, 0, 2476, 46.74
95, 0, 2476, 46.77
95, 0, 2476, 47.06
95, 0, 2476, 46.80
96, 0, 2476, 46.80
96, 0, 2476, 46.11
0, 0, 2489, 37.64
95, 0, 2476, 47.34
95, 0, 2476, 47.30
95, 0, 2476, 47.44
95, 0, 2476, 47.34
95, 0, 2476, 47.44
96, 0, 2476, 47.33
96, 0, 2476, 47.38
95, 0, 2476, 47.42
95, 0, 2476, 47.32
96, 0, 2476, 47.34
96, 0, 2476, 47.39
95, 0, 2476, 47.52
95, 0, 2476, 47.53
96, 0, 2476, 47.36
95, 0, 2476, 47.62
96, 0, 2476, 47.49
95, 0, 2476, 47.66
96, 0, 2476, 47.48
95, 0, 2476, 47.61
95, 0, 2476, 47.59
96, 0, 2476, 47.63
96, 0, 2476, 47.51
96, 0, 2476, 46.33
96, 0, 2476, 45.78
95, 0, 2457, 42.09
86, 0, 2470, 40.76
95, 0, 2470, 41.80
95, 0, 2476, 42.00
96, 0, 2470, 41.56
96, 0, 2470, 41.32
95, 0, 2470, 41.65
95, 0, 2470, 41.79
95, 0, 2470, 41.53
95, 0, 2470, 41.47
96, 0, 2470, 41.69
96, 0, 2470, 41.77
96, 0, 2470, 41.47
96, 0, 2470, 42.01
96, 0, 2470, 42.14
95, 0, 2470, 41.92
95, 0, 2470, 41.78
95, 0, 2470, 41.85
96, 0, 2476, 39.20
96, 0, 2470, 44.65
96, 0, 2470, 44.62
96, 0, 2476, 44.65
95, 0, 2470, 44.65
95, 0, 2476, 44.81
95, 0, 2476, 44.85
96, 0, 2476, 45.00
95, 0, 2476, 45.00
96, 0, 2476, 45.00
95, 0, 2476, 45.00
95, 0, 2476, 45.02
96, 0, 2470, 45.07
96, 0, 2470, 45.15
96, 0, 2476, 45.14
95, 0, 2476, 45.11
95, 0, 2476, 45.03
95, 0, 2476, 45.07
95, 0, 2470, 44.30
95, 0, 2444, 38.25
96, 0, 2476, 47.13
96, 0, 2476, 47.22
96, 0, 2476, 47.34
96, 0, 2476, 47.43
96, 0, 2476, 47.49
96, 0, 2476, 47.49
95, 0, 2476, 47.50
96, 0, 2476, 47.45
96, 0, 2476, 47.51
96, 0, 2476, 47.44
96, 0, 2476, 47.40
96, 0, 2476, 47.56
96, 0, 2476, 47.60
96, 0, 2476, 47.65
95, 0, 2476, 47.64
96, 0, 2476, 47.72
96, 0, 2476, 47.56
96, 0, 2476, 47.64
96, 0, 2476, 47.75
95, 0, 2476, 46.68
96, 0, 2476, 46.26
96, 0, 2470, 43.86
0, 0, 2470, 39.45
95, 0, 2476, 48.00
95, 0, 2476, 48.13
95, 0, 2476, 48.19
95, 0, 2476, 48.24
96, 0, 2476, 48.56
96, 0, 2476, 48.42
96, 0, 2476, 48.27
96, 0, 2476, 48.23
95, 0, 2476, 48.30
96, 0, 2476, 48.38
96, 0, 2476, 48.40
95, 0, 2476, 48.45
96, 0, 2476, 48.35
96, 0, 2476, 48.38
96, 0, 2476, 48.31
96, 0, 2476, 48.41
96, 0, 2476, 48.41
96, 0, 2476, 48.44
95, 0, 2476, 48.57
96, 0, 2476, 48.53
96, 0, 2476, 48.53
96, 0, 2476, 47.73
95, 0, 2470, 45.78
95, 0, 2470, 44.22
91, 0, 2463, 38.76
95, 0, 2470, 42.12
95, 0, 2470, 42.53
95, 0, 2470, 42.20
96, 0, 2457, 41.40
95, 0, 2470, 42.40
95, 0, 2470, 42.59
95, 0, 2470, 42.46
95, 0, 2470, 42.17
95, 0, 2470, 42.43
95, 0, 2470, 42.47
96, 0, 2470, 42.51
96, 0, 2470, 42.50
96, 0, 2470, 42.88
95, 0, 2470, 42.61
96, 0, 2470, 42.56
95, 0, 2470, 42.48
96, 0, 2476, 38.36
95, 0, 2470, 45.30
96, 0, 2470, 45.27
96, 0, 2476, 45.45
96, 0, 2476, 45.39
95, 0, 2470, 45.39
96, 0, 2470, 45.56
96, 0, 2470, 45.48
96, 0, 2470, 45.60
96, 0, 2476, 45.58
95, 0, 2476, 45.52
95, 0, 2476, 45.58
96, 0, 2476, 45.54
95, 0, 2476, 45.61
96, 0, 2476, 45.69
95, 0, 2476, 45.79
95, 0, 2476, 45.81
96, 0, 2470, 45.48
95, 0, 2470, 43.08
11, 0, 2450, 36.26
95, 0, 2476, 47.51
96, 0, 2476, 48.00
96, 0, 2476, 48.01
96, 0, 2476, 47.93
96, 0, 2476, 47.96
96, 0, 2476, 48.06
96, 0, 2476, 48.07
96, 0, 2476, 47.95
96, 0, 2476, 48.03
96, 0, 2476, 48.00
96, 0, 2476, 48.16
96, 0, 2476, 48.23
96, 0, 2476, 48.05
96, 0, 2476, 48.05
96, 0, 2476, 48.01
96, 0, 2476, 48.15
96, 0, 2476, 48.10
95, 0, 2476, 48.21
95, 0, 2476, 48.12
96, 0, 2476, 48.21
96, 0, 2476, 47.78
96, 0, 2476, 45.94
96, 0, 2470, 45.41
95, 0, 2444, 38.67
96, 0, 2470, 45.78
96, 0, 2476, 48.64
95, 0, 2476, 48.71
96, 0, 2476, 48.65
95, 0, 2476, 48.72
96, 0, 2476, 48.88
96, 0, 2476, 48.79
96, 0, 2476, 48.72
95, 0, 2476, 48.60
96, 0, 2476, 48.60
96, 0, 2476, 48.90
96, 0, 2476, 48.79
96, 0, 2476, 48.96
95, 0, 2476, 48.87
96, 0, 2476, 48.87
95, 0, 2476, 48.82
96, 0, 2476, 48.81
95, 0, 2476, 49.01
96, 0, 2476, 48.83
96, 0, 2476, 49.12
96, 0, 2476, 48.76
95, 0, 2476, 48.95
96, 0, 2476, 47.87
95, 0, 2470, 46.17
95, 0, 2470, 39.88
95, 0, 2470, 42.48
95, 0, 2470, 42.76
96, 0, 2470, 42.63
95, 0, 2463, 42.17
95, 0, 2470, 42.78
95, 0, 2470, 42.91
95, 0, 2470, 42.75
95, 0, 2470, 42.45
96, 0, 2470, 42.73
95, 0, 2470, 42.67
95, 0, 2470, 42.52
95, 0, 2470, 42.97
95, 0, 2470, 43.06
96, 0, 2470, 42.61
95, 0, 2470, 42.74
95, 0, 2431, 38.54
96, 0, 2476, 45.30
95, 0, 2470, 45.57
96, 0, 2470, 45.57
96, 0, 2470, 45.61
96, 0, 2470, 45.60
96, 0, 2470, 45.65
96, 0, 2470, 45.76
96, 0, 2476, 45.83
95, 0, 2476, 45.76
96, 0, 2470, 45.80
96, 0, 2470, 45.67
95, 0, 2470, 45.78
95, 0, 2470, 45.90
95, 0, 2470, 45.82
95, 0, 2476, 45.71
96, 0, 2476, 45.84
96, 0, 2476, 45.75
96, 0, 2476, 45.76
96, 0, 2470, 44.28
1, 0, 2470, 38.23
95, 0, 2476, 48.07
96, 0, 2476, 48.20
95, 0, 2476, 48.07
96, 0, 2476, 48.01
96, 0, 2476, 48.16
96, 0, 2476, 48.08
95, 0, 2476, 48.12
95, 0, 2476, 48.18
96, 0, 2476, 48.20
95, 0, 2476, 48.11
95, 0, 2476, 48.16
95, 0, 2476, 48.15
96, 0, 2476, 48.15
95, 0, 2476, 48.18
95, 0, 2476, 48.04
96, 0, 2476, 48.07
96, 0, 2476, 48.16
96, 0, 2476, 48.28
95, 0, 2476, 48.26
95, 0, 2476, 48.36
96, 0, 2476, 47.93
96, 0, 2476, 46.85
95, 0, 2470, 42.05
96, 0, 2476, 42.15
96, 0, 2470, 48.50
96, 0, 2476, 48.68
96, 0, 2476, 48.71
96, 0, 2476, 48.62
95, 0, 2476, 48.69
96, 0, 2476, 48.61
96, 0, 2476, 48.70
95, 0, 2476, 48.61
96, 0, 2476, 48.63
95, 0, 2476, 48.68
96, 0, 2476, 48.55
95, 0, 2476, 48.60
96, 0, 2476, 48.63
96, 0, 2476, 48.80
96, 0, 2476, 48.76
96, 0, 2476, 48.64
95, 0, 2476, 48.81
96, 0, 2476, 48.66
95, 0, 2476, 48.83
96, 0, 2476, 48.66
95, 0, 2476, 48.84
96, 0, 2476, 48.47
96, 0, 2476, 48.29
95, 0, 2476, 46.95
95, 0, 2470, 41.94
95, 0, 2470, 41.22
96, 0, 2470, 42.71
95, 0, 2470, 42.56
95, 0, 2470, 42.74
96, 0, 2470, 41.54
95, 0, 2470, 42.62
95, 0, 2470, 42.74
95, 0, 2470, 42.57
96, 0, 2470, 42.46
95, 0, 2470, 42.60
95, 0, 2470, 42.65
96, 0, 2470, 42.59
96, 0, 2470, 42.67
95, 0, 2470, 42.79
96, 0, 2470, 42.99
95, 0, 2470, 42.68
95, 0, 2470, 42.68
0, 0, 2463, 35.99
96, 0, 2470, 45.23
96, 0, 2476, 45.45
95, 0, 2476, 45.55
95, 0, 2470, 45.65
95, 0, 2470, 45.69
96, 0, 2476, 45.72
96, 0, 2476, 45.78
96, 0, 2476, 45.77
96, 0, 2476, 45.76
96, 0, 2476, 45.78
96, 0, 2476, 45.66
96, 0, 2476, 45.78
96, 0, 2476, 45.78
96, 0, 2476, 45.91
95, 0, 2476, 45.78
96, 0, 2476, 45.73
96, 0, 2476, 45.76
96, 0, 2476, 45.97
96, 0, 2431, 39.07
96, 0, 2476, 46.89
96, 0, 2476, 48.02
95, 0, 2476, 47.87
95, 0, 2476, 47.99
96, 0, 2476, 48.04
96, 0, 2476, 48.16
96, 0, 2476, 47.97
96, 0, 2476, 48.07
96, 0, 2476, 48.00
96, 0, 2476, 48.14
96, 0, 2476, 47.98
96, 0, 2476, 48.15
95, 0, 2476, 48.12
95, 0, 2476, 48.10
95, 0, 2476, 48.11
95, 0, 2476, 48.21
95, 0, 2476, 48.12
96, 0, 2476, 48.09
96, 0, 2476, 48.17
95, 0, 2476, 48.32
95, 0, 2476, 48.26
96, 0, 2476, 47.60
95, 0, 2411, 37.68
96, 0, 2476, 48.42
96, 0, 2476, 48.59
96, 0, 2476, 48.60
96, 0, 2476, 48.49
96, 0, 2476, 48.60
95, 0, 2476, 48.72
95, 0, 2476, 48.82
96, 0, 2476, 48.48
96, 0, 2476, 48.46
96, 0, 2476, 48.55
95, 0, 2476, 48.52
96, 0, 2476, 48.74
96, 0, 2476, 48.51
95, 0, 2476, 48.70
96, 0, 2476, 48.42
95, 0, 2476, 48.65
96, 0, 2476, 48.50
95, 0, 2476, 48.79
96, 0, 2476, 48.61
95, 0, 2476, 48.73
96, 0, 2476, 48.67
95, 0, 2476, 48.68
96, 0, 2476, 48.33
96, 0, 2476, 46.25
96, 0, 2470, 40.64
95, 0, 2470, 42.92
95, 0, 2470, 42.51
96, 0, 2470, 42.93
95, 0, 2470, 42.53
95, 0, 2470, 42.29
95, 0, 2470, 42.53
96, 0, 2470, 42.73
95, 0, 2470, 42.39
95, 0, 2470, 42.37
95, 0, 2470, 42.47
95, 0, 2470, 42.62
95, 0, 2470, 42.64
95, 0, 2470, 42.44
96, 0, 2470, 42.86
95, 0, 2470, 42.96
95, 0, 2470, 42.85
95, 0, 2470, 42.57
95, 0, 2444, 38.40
96, 0, 2476, 45.79
95, 0, 2470, 45.58
96, 0, 2470, 45.66
96, 0, 2476, 45.75
96, 0, 2470, 45.65
95, 0, 2470, 45.69
95, 0, 2470, 45.77
95, 0, 2470, 45.81
96, 0, 2470, 45.79
96, 0, 2470, 45.68
95, 0, 2476, 45.75
95, 0, 2476, 45.88
95, 0, 2470, 45.95
95, 0, 2476, 45.86
96, 0, 2476, 45.70
96, 0, 2476, 45.69
96, 0, 2470, 45.46
96, 0, 2470, 42.06
96, 0, 2476, 42.59
96, 0, 2476, 47.95
96, 0, 2476, 48.06
95, 0, 2476, 47.89
96, 0, 2476, 48.17
96, 0, 2476, 48.30
96, 0, 2476, 48.18
96, 0, 2476, 48.21
96, 0, 2476, 48.12
96, 0, 2476, 48.16
96, 0, 2476, 48.22
96, 0, 2476, 48.15
96, 0, 2476, 48.15
95, 0, 2476, 48.14
95, 0, 2476, 48.21
96, 0, 2476, 48.26
96, 0, 2476, 48.25
96, 0, 2476, 48.21
96, 0, 2476, 48.17
96, 0, 2476, 48.22
95, 0, 2476, 47.71
95, 0, 2476, 46.56
95, 0, 2470, 45.48
95, 0, 2405, 35.24
96, 0, 2470, 48.30
95, 0, 2476, 48.56
95, 0, 2476, 48.79
95, 0, 2476, 48.51
95, 0, 2476, 48.67
95, 0, 2476, 48.76
96, 0, 2476, 48.77
96, 0, 2476, 48.79
95, 0, 2476, 48.65
96, 0, 2476, 48.62
96, 0, 2476, 48.65
95, 0, 2476, 48.88
96, 0, 2476, 48.59
95, 0, 2476, 48.90
96, 0, 2476, 48.66
95, 0, 2476, 48.87
96, 0, 2476, 48.61
94, 0, 2476, 48.85
96, 0, 2476, 48.62
95, 0, 2476, 48.81
96, 0, 2476, 48.71
96, 0, 2476, 48.78
96, 0, 2476, 48.16
96, 0, 2476, 46.72
95, 0, 2470, 45.46
95, 0, 2470, 41.23
95, 0, 2470, 43.11
96, 0, 2470, 43.09
96, 0, 2470, 42.88
95, 0, 2463, 42.25
95, 0, 2470, 42.76
96, 0, 2470, 42.94
95, 0, 2470, 42.65
95, 0, 2470, 42.36
95, 0, 2470, 42.59
95, 0, 2470, 42.71
96, 0, 2470, 42.77
95, 0, 2470, 42.68
95, 0, 2470, 42.78
95, 0, 2470, 42.86
95, 0, 2470, 43.10
95, 0, 2470, 42.75
95, 0, 2444, 39.19
95, 0, 2470, 45.32
96, 0, 2476, 45.48
96, 0, 2476, 45.53
95, 0, 2476, 45.68
95, 0, 2470, 45.53
95, 0, 2476, 45.83
95, 0, 2470, 45.75
95, 0, 2476, 45.69
95, 0, 2470, 45.62
95, 0, 2476, 45.65
95, 0, 2470, 45.84
95, 0, 2470, 45.88
95, 0, 2470, 45.73
95, 0, 2476, 45.83
96, 0, 2476, 45.79
96, 0, 2476, 45.76
96, 0, 2476, 45.82
94, 0, 2476, 45.96
95, 0, 2470, 45.26
95, 0, 2431, 37.49
95, 0, 2470, 47.58
95, 0, 2476, 48.05
96, 0, 2476, 48.03
96, 0, 2476, 48.14
95, 0, 2476, 48.20
95, 0, 2476, 48.23
95, 0, 2476, 48.24
95, 0, 2476, 48.24
96, 0, 2476, 48.35
94, 0, 2476, 48.33
94, 0, 2476, 48.20
96, 0, 2476, 48.24
96, 0, 2476, 48.33
96, 0, 2476, 48.36
95, 0, 2476, 48.26
96, 0, 2476, 48.28
96, 0, 2476, 48.24
96, 0, 2476, 48.26
95, 0, 2476, 48.19
94, 0, 2476, 48.18
96, 0, 2476, 47.99
96, 0, 2470, 46.58
95, 0, 2470, 43.63
0, 0, 2463, 37.69
95, 0, 2470, 49.10
96, 0, 2476, 48.76
95, 0, 2476, 48.87
96, 0, 2476, 48.69
96, 0, 2476, 48.94
96, 0, 2476, 48.89
96, 0, 2476, 49.01
96, 0, 2476, 48.89
96, 0, 2476, 49.04
95, 0, 2476, 48.79
96, 0, 2476, 48.95
95, 0, 2476, 48.81
96, 0, 2476, 48.86
95, 0, 2476, 48.78
96, 0, 2476, 48.84
96, 0, 2476, 48.88
96, 0, 2476, 48.76
96, 0, 2476, 48.96
96, 0, 2476, 48.83
95, 0, 2476, 48.91
96, 0, 2476, 48.92
95, 0, 2476, 48.74
96, 0, 2476, 47.65
96, 0, 2470, 44.43
89, 0, 2470, 39.01
96, 0, 2476, 42.94
95, 0, 2470, 42.77
95, 0, 2470, 43.16
96, 0, 2470, 42.67
96, 0, 2470, 42.73
95, 0, 2470, 42.80
96, 0, 2470, 42.82
95, 0, 2470, 42.52
95, 0, 2470, 42.58
96, 0, 2470, 42.71
95, 0, 2470, 42.73
95, 0, 2470, 42.67
95, 0, 2470, 42.99
96, 0, 2470, 42.60
95, 0, 2470, 42.73
95, 0, 2470, 42.69
95, 0, 2470, 42.92
96, 0, 2470, 38.00
96, 0, 2476, 45.55
96, 0, 2470, 45.31
95, 0, 2476, 45.54
96, 0, 2470, 45.49
96, 0, 2470, 45.45
96, 0, 2476, 45.69
96, 0, 2476, 45.69
96, 0, 2476, 45.74
96, 0, 2476, 45.81
96, 0, 2476, 45.85
96, 0, 2476, 45.69
96, 0, 2476, 45.87
95, 0, 2476, 45.82
95, 0, 2476, 45.90
95, 0, 2470, 45.99
96, 0, 2476, 45.96
96, 0, 2476, 45.84
83, 0, 2437, 39.81
96, 0, 2470, 48.44
96, 0, 2476, 47.99
96, 0, 2476, 48.18
96, 0, 2476, 48.13
95, 0, 2476, 48.04
96, 0, 2476, 48.32
96, 0, 2476, 48.24
96, 0, 2476, 48.25
96, 0, 2476, 48.25
96, 0, 2476, 48.33
96, 0, 2476, 48.43
95, 0, 2476, 48.37
96, 0, 2476, 48.23
95, 0, 2476, 48.33
95, 0, 2476, 48.25
96, 0, 2476, 48.42
96, 0, 2476, 48.24
96, 0, 2476, 48.20
96, 0, 2476, 48.47
96, 0, 2476, 48.38
95, 0, 2476, 48.30
95, 0, 2476, 45.75
1, 0, 2444, 37.91
96, 0, 2476, 49.46
95, 0, 2476, 48.83
95, 0, 2476, 48.77
96, 0, 2476, 48.76
96, 0, 2476, 48.90
95, 0, 2476, 48.94
95, 0, 2476, 48.91
96, 0, 2476, 48.81
96, 0, 2476, 48.93
95, 0, 2476, 48.84
96, 0, 2476, 48.93
96, 0, 2476, 48.97
95, 0, 2476, 48.88
96, 0, 2476, 48.71
95, 0, 2476, 48.88
96, 0, 2476, 48.86
95, 0, 2476, 48.99
96, 0, 2476, 48.64
96, 0, 2476, 49.01
96, 0, 2476, 48.93
95, 0, 2476, 48.98
96, 0, 2476, 48.46
96, 0, 2470, 46.54
0, 0, 2398, 26.42
0, 0, 2398, 18.69
0, 0, 2398, 18.60
0, 0, 2398, 18.56
0, 0, 2398, 18.43
0, 0, 2411, 18.22
0, 0, 2411, 18.18
0, 0, 2411, 18.11
0, 0, 2411, 18.05
0, 0, 2411, 17.57
0, 0, 2411, 17.38
0, 0, 2411, 17.29
0, 0, 2411, 17.22
0, 0, 2411, 17.17
0, 0, 2411, 17.09
0, 0, 2411, 17.03
0, 0, 2411, 17.01
0, 0, 2411, 16.98
0, 0, 2411, 16.91
0, 0, 2411, 16.93
0, 0, 2411, 16.86
0, 0, 2411, 16.80
0, 0, 2411, 16.78
0, 0, 2411, 16.75
0, 0, 2411, 16.72
0, 0, 2411, 16.74
0, 0, 2411, 16.69
0, 0, 2411, 16.64
0, 0, 2411, 16.62
0, 0, 2411, 16.58
0, 0, 2411, 16.53
0, 0, 2411, 16.52
0, 0, 2411, 16.50
0, 0, 2411, 16.49
0, 0, 2411, 16.49
0, 0, 2411, 16.45
0, 0, 2411, 16.43
0, 0, 2437, 23.52
96, 0, 2489, 39.73
95, 0, 2489, 40.51
96, 0, 2489, 40.92
96, 0, 2489, 40.62
96, 0, 2489, 40.23
95, 0, 2489, 40.79
95, 0, 2489, 40.88
95, 0, 2489, 40.68
95, 0, 2489, 40.80
95, 0, 2489, 40.92
95, 0, 2489, 40.93
95, 0, 2489, 41.08
95, 0, 2489, 41.16
95, 0, 2489, 41.33
95, 0, 2489, 41.31
95, 0, 2489, 41.19
95, 0, 2489, 41.19
0, 0, 2483, 37.99
95, 0, 2476, 47.18
96, 0, 2476, 47.13
95, 0, 2476, 47.24
95, 0, 2476, 47.33
95, 0, 2476, 47.43
95, 0, 2476, 47.56
95, 0, 2476, 47.42
96, 0, 2476, 47.34
95, 0, 2476, 47.57
96, 0, 2476, 47.52
96, 0, 2476, 47.47
95, 0, 2476, 47.69
96, 0, 2476, 47.53
96, 0, 2476, 47.62
95, 0, 2476, 47.61
96, 0, 2476, 47.64
95, 0, 2476, 47.82
96, 0, 2476, 47.69
95, 0, 2476, 47.90
96, 0, 2476, 47.76
95, 0, 2476, 47.94
96, 0, 2476, 47.44
96, 0, 2476, 47.61
96, 0, 2470, 44.89
72, 0, 2470, 40.56
96, 0, 2470, 41.91
95, 0, 2470, 42.06
95, 0, 2470, 42.34
95, 0, 2470, 41.95
74, 0, 2470, 41.73
96, 0, 2470, 41.94
95, 0, 2470, 42.12
96, 0, 2470, 42.17
95, 0, 2470, 41.94
95, 0, 2470, 42.00
96, 0, 2470, 42.06
95, 0, 2470, 42.11
95, 0, 2470, 42.22
95, 0, 2470, 42.60
96, 0, 2470, 42.29
95, 0, 2470, 42.09
95, 0, 2470, 42.15
95, 0, 2450, 37.56
95, 0, 2470, 47.76
96, 0, 2470, 48.21
95, 0, 2476, 48.19
95, 0, 2476, 48.17
96, 0, 2476, 48.28
96, 0, 2476, 48.36
96, 0, 2476, 48.21
95, 0, 2476, 48.34
96, 0, 2476, 48.29
96, 0, 2476, 48.35
94, 0, 2476, 48.42
96, 0, 2476, 48.28
95, 0, 2476, 48.53
96, 0, 2476, 48.34
95, 0, 2476, 48.40
96, 0, 2476, 48.44
96, 0, 2476, 48.50
96, 0, 2476, 48.46
95, 0, 2476, 48.49
96, 0, 2476, 48.40
95, 0, 2476, 48.62
95, 0, 2476, 48.54
96, 0, 2476, 46.59
96, 0, 2463, 43.85
90, 0, 2470, 41.53
96, 0, 2470, 42.61
95, 0, 2470, 42.52
96, 0, 2470, 42.90
95, 0, 2470, 42.47
96, 0, 2476, 42.81
96, 0, 2470, 42.57
95, 0, 2470, 42.69
96, 0, 2470, 42.52
95, 0, 2470, 42.28
95, 0, 2470, 42.48
96, 0, 2470, 42.51
95, 0, 2470, 42.56
95, 0, 2470, 42.83
95, 0, 2470, 42.84
95, 0, 2470, 42.64
95, 0, 2470, 42.71
95, 0, 2470, 42.64
95, 0, 2418, 38.13
96, 0, 2476, 44.65
96, 0, 2476, 48.56
96, 0, 2476, 48.55
96, 0, 2476, 48.49
96, 0, 2476, 48.71
96, 0, 2476, 48.72
95, 0, 2476, 48.79
96, 0, 2476, 48.63
96, 0, 2476, 48.75
96, 0, 2476, 48.67
96, 0, 2476, 48.65
95, 0, 2476, 48.89
96, 0, 2476, 48.78
96, 0, 2476, 48.58
96, 0, 2476, 48.70
96, 0, 2476, 48.67
96, 0, 2476, 48.88
96, 0, 2476, 48.70
95, 0, 2476, 48.91
96, 0, 2476, 48.85
95, 0, 2476, 48.84
96, 0, 2476, 48.88
96, 0, 2476, 48.44
95, 0, 2470, 46.33
95, 0, 2470, 44.85
95, 0, 2463, 41.67
86, 0, 2470, 41.79
95, 0, 2470, 42.97
95, 0, 2476, 43.29
96, 0, 2470, 42.86
96, 0, 2470, 42.96
95, 0, 2470, 42.76
95, 0, 2470, 42.96
95, 0, 2470, 42.91
95, 0, 2470, 42.89
95, 0, 2470, 43.04
95, 0, 2470, 42.89
96, 0, 2470, 42.85
95, 0, 2470, 43.15
95, 0, 2470, 43.28
96, 0, 2470, 42.92
95, 0, 2470, 42.95
96, 0, 2470, 42.95
95, 0, 2411, 37.43
96, 0, 2470, 44.58
95, 0, 2476, 48.64
95, 0, 2476, 48.79
96, 0, 2476, 48.91
96, 0, 2476, 48.92
96, 0, 2476, 49.00
96, 0, 2476, 48.94
96, 0, 2476, 48.93
95, 0, 2476, 49.11
95, 0, 2476, 49.03
96, 0, 2476, 49.03
96, 0, 2476, 48.93
95, 0, 2476, 49.19
96, 0, 2476, 49.08
96, 0, 2476, 49.21
96, 0, 2476, 48.94
95, 0, 2476, 49.25
96, 0, 2476, 49.05
96, 0, 2476, 49.11
96, 0, 2476, 49.12
96, 0, 2476, 49.22
96, 0, 2476, 49.04
95, 0, 2476, 48.66
95, 0, 2470, 46.42
95, 0, 2470, 44.31
95, 0, 2470, 40.48
95, 0, 2470, 43.41
95, 0, 2470, 43.30
95, 0, 2470, 43.21
95, 0, 2463, 42.32
95, 0, 2470, 42.97
95, 0, 2470, 43.21
95, 0, 2470, 42.99
96, 0, 2470, 42.74
95, 0, 2470, 42.98
95, 0, 2470, 43.01
95, 0, 2470, 43.07
95, 0, 2470, 43.11
95, 0, 2470, 43.35
96, 0, 2470, 43.14
95, 0, 2470, 43.12
96, 0, 2470, 43.17
95, 0, 2470, 43.35
95, 0, 2476, 40.97
96, 0, 2470, 49.04
96, 0, 2476, 49.07
95, 0, 2476, 49.05
96, 0, 2476, 49.07
95, 0, 2476, 49.14
95, 0, 2476, 49.16
96, 0, 2476, 49.24
95, 0, 2476, 49.20
96, 0, 2476, 49.19
96, 0, 2476, 49.31
96, 0, 2476, 49.05
95, 0, 2476, 49.08
96, 0, 2476, 49.22
95, 0, 2476, 49.21
96, 0, 2476, 49.26
95, 0, 2476, 49.13
96, 0, 2476, 49.39
95, 0, 2476, 49.25
96, 0, 2476, 49.49
96, 0, 2476, 49.27
95, 0, 2476, 49.34
96, 0, 2476, 49.25
95, 0, 2470, 46.47
40, 0, 2470, 40.68
96, 0, 2470, 41.28
95, 0, 2470, 43.14
95, 0, 2470, 43.01
95, 0, 2470, 43.07
95, 0, 2470, 43.35
95, 0, 2470, 42.51
96, 0, 2470, 43.30
95, 0, 2470, 43.36
96, 0, 2470, 43.13
95, 0, 2470, 43.18
95, 0, 2470, 43.32
95, 0, 2470, 43.19
95, 0, 2470, 43.08
96, 0, 2470, 43.49
96, 0, 2470, 43.44
95, 0, 2470, 43.07
96, 0, 2470, 43.16
95, 0, 2411, 37.70
95, 0, 2470, 48.25
96, 0, 2476, 49.08
96, 0, 2476, 49.37
95, 0, 2476, 49.34
96, 0, 2476, 49.33
95, 0, 2476, 49.31
96, 0, 2476, 49.30
96, 0, 2476, 49.47
95, 0, 2476, 49.40
96, 0, 2476, 49.35
96, 0, 2476, 49.51
96, 0, 2476, 49.49
95, 0, 2476, 49.54
96, 0, 2476, 49.28
96, 0, 2476, 49.49
96, 0, 2476, 49.43
96, 0, 2476, 49.50
96, 0, 2476, 49.44
96, 0, 2476, 49.57
96, 0, 2476, 49.49
96, 0, 2476, 49.59
96, 0, 2476, 49.05
96, 0, 2476, 47.54
95, 0, 2470, 45.85
95, 0, 2457, 41.44
59, 0, 2470, 41.31
96, 0, 2470, 43.15
95, 0, 2470, 43.11
95, 0, 2470, 43.33
86, 0, 2470, 42.67
95, 0, 2470, 43.19
96, 0, 2470, 43.44
95, 0, 2470, 43.28
96, 0, 2470, 43.06
95, 0, 2470, 43.40
96, 0, 2470, 43.40
95, 0, 2470, 43.50
96, 0, 2470, 43.72
95, 0, 2470, 43.79
95, 0, 2470, 43.41
96, 0, 2470, 43.50
95, 0, 2470, 43.31
96, 0, 2450, 40.79
96, 0, 2470, 43.43
96, 0, 2476, 49.37
96, 0, 2476, 49.37
96, 0, 2476, 49.37
96, 0, 2476, 49.38
96, 0, 2476, 49.62
96, 0, 2476, 49.60
95, 0, 2476, 49.51
96, 0, 2476, 49.57
96, 0, 2476, 49.71
96, 0, 2476, 49.55
96, 0, 2476, 49.65
95, 0, 2476, 49.58
96, 0, 2476, 49.53
96, 0, 2476, 49.52
96, 0, 2476, 49.45
96, 0, 2476, 49.79
95, 0, 2476, 49.78
96, 0, 2476, 49.70
95, 0, 2476, 49.84
95, 0, 2476, 49.74
96, 0, 2476, 49.72
96, 0, 2476, 47.93
96, 0, 2470, 44.88
56, 0, 2463, 40.59
96, 0, 2470, 42.72
96, 0, 2470, 43.38
95, 0, 2470, 43.36
95, 0, 2470, 43.44
95, 0, 2463, 43.22
95, 0, 2470, 43.27
96, 0, 2470, 43.55
95, 0, 2470, 43.49
95, 0, 2470, 43.18
96, 0, 2470, 43.39
95, 0, 2470, 43.47
96, 0, 2470, 43.38
95, 0, 2470, 43.28
95, 0, 2470, 43.68
95, 0, 2470, 43.86
96, 0, 2470, 43.61
96, 0, 2470, 43.41
96, 0, 2411, 37.63
95, 0, 2476, 48.74
96, 0, 2476, 49.61
96, 0, 2476, 49.56
96, 0, 2476, 49.51
96, 0, 2476, 49.55
96, 0, 2476, 49.74
96, 0, 2476, 49.61
96, 0, 2476, 49.60
96, 0, 2476, 49.66
95, 0, 2476, 49.62
96, 0, 2476, 49.66
96, 0, 2476, 49.64
95, 0, 2476, 49.76
96, 0, 2476, 49.59
96, 0, 2476, 49.64
95, 0, 2476, 49.63
96, 0, 2476, 49.70
95, 0, 2476, 49.54
96, 0, 2476, 49.65
95, 0, 2476, 49.70
96, 0, 2476, 49.82
96, 0, 2476, 49.66
96, 0, 2476, 48.98
96, 0, 2470, 47.40
95, 0, 2476, 41.91
95, 0, 2470, 41.61
96, 0, 2470, 43.40
95, 0, 2470, 43.43
96, 0, 2470, 43.33
95, 0, 2470, 42.62
95, 0, 2470, 43.47
96, 0, 2470, 43.61
95, 0, 2470, 43.32
95, 0, 2470, 43.24
96, 0, 2470, 43.30
95, 0, 2470, 43.53
95, 0, 2470, 43.48
96, 0, 2470, 43.32
95, 0, 2470, 43.68
95, 0, 2470, 43.88
96, 0, 2470, 43.61
95, 0, 2470, 43.49
96, 0, 2411, 38.57
96, 0, 2476, 48.49
95, 0, 2476, 49.53
96, 0, 2476, 49.63
96, 0, 2476, 49.63
96, 0, 2476, 49.70
96, 0, 2476, 49.75
95, 0, 2476, 49.90
96, 0, 2476, 49.56
96, 0, 2476, 49.56
95, 0, 2476, 49.85
96, 0, 2476, 49.65
96, 0, 2476, 49.62
95, 0, 2476, 49.77
96, 0, 2476, 49.62
95, 0, 2476, 49.78
96, 0, 2476, 49.61
95, 0, 2476, 49.94
96, 0, 2476, 49.76
95, 0, 2476, 49.82
96, 0, 2476, 49.78
96, 0, 2476, 49.86
96, 0, 2476, 49.81
95, 0, 2476, 48.28
95, 0, 2470, 45.15
40, 0, 2470, 40.59
96, 0, 2470, 42.49
95, 0, 2470, 43.59
95, 0, 2470, 43.27
95, 0, 2470, 43.51
96, 0, 2470, 42.32
95, 0, 2470, 43.57
96, 0, 2470, 43.65
95, 0, 2470, 43.30
95, 0, 2470, 43.45
95, 0, 2470, 43.56
95, 0, 2470, 43.44
95, 0, 2470, 43.72
95, 0, 2470, 43.83
95, 0, 2470, 43.43
95, 0, 2470, 43.58
95, 0, 2470, 42.61
95, 0, 2470, 41.74
96, 0, 2476, 49.69
96, 0, 2476, 49.67
95, 0, 2476, 49.63
95, 0, 2476, 49.65
95, 0, 2476, 49.67
96, 0, 2476, 49.78
96, 0, 2476, 49.67
96, 0, 2476, 49.80
96, 0, 2476, 49.61
96, 0, 2476, 49.85
95, 0, 2476, 49.80
96, 0, 2476, 49.78
96, 0, 2476, 49.86
96, 0, 2476, 49.74
96, 0, 2476, 49.77
96, 0, 2476, 49.70
95, 0, 2476, 49.91
96, 0, 2476, 49.78
95, 0, 2476, 49.81
96, 0, 2476, 49.76
95, 0, 2476, 49.96
96, 0, 2476, 49.59
96, 0, 2476, 47.89
96, 0, 2470, 44.20
96, 0, 2470, 42.09
95, 0, 2470, 43.95
95, 0, 2470, 44.12
95, 0, 2470, 43.48
96, 0, 2470, 42.87
95, 0, 2470, 43.83
95, 0, 2470, 43.75
95, 0, 2470, 43.63
95, 0, 2470, 43.35
95, 0, 2470, 43.54
96, 0, 2470, 43.51
95, 0, 2470, 43.49
96, 0, 2470, 43.35
95, 0, 2470, 43.81
96, 0, 2470, 43.96
96, 0, 2470, 43.72
95, 0, 2470, 43.64
96, 0, 2431, 38.51
96, 0, 2476, 49.72
95, 0, 2470, 49.52
95, 0, 2476, 49.57
95, 0, 2476, 49.65
96, 0, 2476, 49.63
96, 0, 2476, 49.65
96, 0, 2476, 49.65
96, 0, 2476, 49.74
96, 0, 2476, 49.71
96, 0, 2476, 49.57
95, 0, 2476, 49.76
96, 0, 2476, 49.72
96, 0, 2476, 49.94
95, 0, 2476, 49.85
96, 0, 2476, 49.68
95, 0, 2476, 49.82
96, 0, 2476, 49.78
95, 0, 2476, 49.89
96, 0, 2476, 49.67
95, 0, 2476, 49.98
96, 0, 2476, 49.88
96, 0, 2476, 49.80
96, 0, 2476, 49.07
96, 0, 2476, 47.97
96, 0, 2463, 42.95
70, 0, 2470, 42.88
95, 0, 2470, 43.44
95, 0, 2470, 43.97
95, 0, 2470, 43.53
86, 0, 2470, 43.54
96, 0, 2470, 43.52
96, 0, 2470, 43.58
95, 0, 2470, 43.37
96, 0, 2470, 43.21
95, 0, 2470, 43.39
95, 0, 2470, 43.63
95, 0, 2470, 43.45
95, 0, 2470, 43.60
95, 0, 2470, 43.65
95, 0, 2470, 43.68
95, 0, 2470, 43.57
95, 0, 2470, 43.91
0, 0, 2476, 40.57
95, 0, 2476, 49.75
96, 0, 2476, 49.57
96, 0, 2476, 49.59
96, 0, 2476, 49.62
96, 0, 2476, 49.81
96, 0, 2476, 49.84
96, 0, 2476, 49.69
95, 0, 2476, 49.82
96, 0, 2476, 49.59
96, 0, 2476, 49.66
95, 0, 2476, 49.71
96, 0, 2476, 49.56
95, 0, 2476, 49.74
95, 0, 2476, 49.64
96, 0, 2476, 49.67
95, 0, 2476, 49.58
96, 0, 2476, 49.51
95, 0, 2476, 49.72
96, 0, 2476, 49.58
95, 0, 2476, 49.66
96, 0, 2476, 49.44
95, 0, 2476, 49.30
96, 0, 2476, 47.16
55, 0, 2470, 41.68
95, 0, 2470, 43.20
95, 0, 2470, 43.18
95, 0, 2470, 43.46
95, 0, 2470, 43.12
95, 0, 2470, 43.12
96, 0, 2470, 43.11
95, 0, 2470, 43.09
96, 0, 2463, 42.72
95, 0, 2470, 42.88
95, 0, 2470, 42.83
95, 0, 2470, 42.93
95, 0, 2470, 43.10
95, 0, 2470, 43.33
95, 0, 2470, 43.16
95, 0, 2470, 42.91
95, 0, 2470, 42.83
96, 0, 2470, 42.99
95, 0, 2476, 41.77
96, 0, 2476, 48.82
96, 0, 2476, 48.89
96, 0, 2476, 49.02
96, 0, 2476, 48.78
96, 0, 2476, 48.88
96, 0, 2476, 48.95
95, 0, 2476, 48.69
95, 0, 2476, 48.76
96, 0, 2476, 48.71
95, 0, 2476, 48.78
95, 0, 2476, 48.83
96, 0, 2476, 48.69
95, 0, 2476, 48.74
96, 0, 2476, 48.65
95, 0, 2476, 48.75
96, 0, 2476, 48.56
95, 0, 2476, 48.80
96, 0, 2476, 48.79
96, 0, 2476, 48.70
96, 0, 2476, 48.75
95, 0, 2476, 48.56
95, 0, 2476, 47.71
95, 0, 2476, 46.86
95, 0, 2470, 45.08
95, 0, 2470, 43.33
95, 0, 2470, 38.67
95, 0, 2470, 42.90
96, 0, 2470, 42.90
96, 0, 2470, 42.60
95, 0, 2470, 42.61
96, 0, 2470, 42.42
95, 0, 2470, 42.47
96, 0, 2470, 42.65
95, 0, 2470, 42.49
96, 0, 2470, 42.32
95, 0, 2470, 42.43
95, 0, 2470, 42.45
95, 0, 2470, 42.57
95, 0, 2470, 42.64
95, 0, 2470, 42.43
95, 0, 2470, 42.43
96, 0, 2470, 42.53
95, 0, 2470, 42.73
95, 0, 2457, 38.99
95, 0, 2476, 42.00
96, 0, 2476, 48.45
96, 0, 2476, 48.51
96, 0, 2476, 48.59
96, 0, 2476, 48.58
96, 0, 2476, 48.67
95, 0, 2476, 48.62
96, 0, 2476, 48.73
96, 0, 2476, 48.53
95, 0, 2476, 48.66
96, 0, 2476, 48.71
96, 0, 2476, 48.56
95, 0, 2476, 48.72
96, 0, 2476, 48.68
96, 0, 2476, 48.67
96, 0, 2476, 48.85
96, 0, 2476, 48.68
96, 0, 2476, 48.77
96, 0, 2476, 48.81
95, 0, 2476, 48.98
96, 0, 2476, 48.78
96, 0, 2476, 48.81
96, 0, 2476, 48.66
96, 0, 2476, 47.56
95, 0, 2463, 42.95
80, 0, 2470, 42.39
96, 0, 2470, 42.83
96, 0, 2470, 43.23
95, 0, 2470, 42.71
96, 0, 2470, 42.39
95, 0, 2470, 42.89
95, 0, 2470, 42.85
95, 0, 2470, 42.93
96, 0, 2470, 42.76
95, 0, 2470, 42.56
95, 0, 2470, 42.65
96, 0, 2470, 42.62
95, 0, 2470, 42.55
96, 0, 2470, 42.87
95, 0, 2470, 43.00
95, 0, 2470, 42.70
96, 0, 2470, 42.85
96, 0, 2470, 41.77
96, 0, 2476, 42.91
96, 0, 2476, 48.62
96, 0, 2476, 48.67
96, 0, 2476, 48.69
96, 0, 2476, 48.76
96, 0, 2476, 48.83
95, 0, 2476, 48.87
96, 0, 2476, 48.89
96, 0, 2476, 48.95
95, 0, 2476, 48.99
95, 0, 2476, 48.85
96, 0, 2476, 49.00
96, 0, 2476, 48.87
96, 0, 2476, 49.04
96, 0, 2476, 48.94
96, 0, 2476, 49.04
96, 0, 2476, 48.86
96, 0, 2476, 49.04
96, 0, 2476, 48.90
96, 0, 2476, 49.06
95, 0, 2476, 48.95
96, 0, 2476, 48.47
96, 0, 2476, 47.44
96, 0, 2437, 39.06
0, 0, 2398, 18.91
0, 0, 2398, 18.69
0, 0, 2398, 18.58
0, 0, 2398, 18.51
0, 0, 2411, 18.28
0, 0, 2411, 18.16
0, 0, 2411, 18.13
0, 0, 2411, 18.03
0, 0, 2411, 17.41
0, 0, 2411, 17.37
0, 0, 2411, 17.30
0, 0, 2411, 17.25
0, 0, 2411, 17.23
0, 0, 2411, 17.17
0, 0, 2411, 17.12
0, 0, 2411, 17.05
0, 0, 2411, 17.06
0, 0, 2411, 16.99
0, 0, 2411, 16.93
0, 0, 2411, 16.90
0, 0, 2411, 16.87
0, 0, 2411, 16.85
0, 0, 2411, 16.82
0, 0, 2411, 16.86
0, 0, 2411, 16.76
0, 0, 2411, 16.72
0, 0, 2411, 16.67
0, 0, 2411, 16.66
0, 0, 2411, 16.62
0, 0, 2411, 16.59
0, 0, 2411, 16.57
0, 0, 2411, 16.53
0, 0, 2411, 16.51
0, 0, 2411, 16.50
0, 0, 2411, 16.55
0, 0, 2411, 16.43
0, 0, 2411, 16.44
0, 0, 2411, 16.41
0, 0, 2411, 16.37
0, 0, 2411, 16.31
0, 0, 2411, 16.28
0, 0, 2411, 16.28
0, 0, 2411, 16.27
0, 0, 2411, 16.24
0, 0, 2411, 16.24
0, 0, 2411, 16.21
0, 0, 2411, 16.20
0, 0, 2411, 16.15
0, 0, 2411, 16.13
0, 0, 2411, 16.11
0, 0, 2411, 16.10
0, 0, 2411, 16.08
0, 0, 2411, 16.05
0, 0, 2411, 16.03
0, 0, 2411, 16.03
0, 0, 2411, 15.99
0, 0, 2405, 15.75
0, 0, 2405, 15.72
0, 0, 2405, 15.71
0, 0, 2405, 15.72
0, 0, 2405, 15.74
0, 0, 2405, 15.67
37, 0, 2496, 31.50
96, 0, 2489, 45.66
95, 0, 2496, 45.83
96, 0, 2496, 45.20
60, 0, 2496, 42.91
96, 0, 2489, 45.97
95, 0, 2489, 46.17
95, 0, 2496, 46.09
95, 0, 2496, 46.29
96, 0, 2496, 46.48
95, 0, 2496, 46.45
96, 0, 2496, 46.53
96, 0, 2496, 46.60
95, 0, 2496, 46.52
96, 0, 2496, 46.63
96, 0, 2496, 46.86
95, 0, 2496, 46.56
96, 0, 2496, 46.86
96, 0, 2496, 46.84
96, 0, 2496, 46.88
95, 0, 2496, 46.92
96, 0, 2496, 46.83
95, 0, 2496, 47.00
96, 0, 2496, 47.09
95, 0, 2476, 47.14
96, 0, 2476, 47.08
95, 0, 2476, 47.26
96, 0, 2470, 45.82
96, 0, 2470, 43.81
0, 0, 2411, 19.70
0, 0, 2411, 16.89
0, 0, 2411, 16.79
0, 0, 2411, 16.75
0, 0, 2411, 16.70
96, 0, 2489, 40.68
95, 0, 2496, 46.79
96, 0, 2496, 46.78
96, 0, 2489, 45.57
96, 0, 2483, 41.22
96, 0, 2476, 47.00
96, 0, 2476, 47.11
96, 0, 2476, 47.22
96, 0, 2476, 47.28
95, 0, 2476, 47.44
95, 0, 2476, 47.29
95, 0, 2476, 47.28
96, 0, 2476, 47.38
95, 0, 2476, 47.54
95, 0, 2476, 47.31
96, 0, 2476, 47.37
95, 0, 2476, 47.50
96, 0, 2476, 47.45
96, 0, 2476, 47.52
96, 0, 2476, 47.47
96, 0, 2476, 47.62
96, 0, 2476, 47.56
96, 0, 2476, 47.69
95, 0, 2476, 47.64
96, 0, 2476, 47.68
95, 0, 2476, 47.69
96, 0, 2476, 47.73
95, 0, 2476, 46.25
95, 0, 2470, 43.28
0, 0, 2411, 19.39
0, 0, 2411, 17.18
0, 0, 2411, 17.08
0, 0, 2411, 17.03
0, 0, 2411, 17.00
96, 0, 2476, 42.58
96, 0, 2476, 47.34
96, 0, 2476, 47.29
96, 0, 2470, 46.50
95, 0, 2476, 44.06
96, 0, 2476, 47.57
96, 0, 2476, 47.69
96, 0, 2476, 47.71
95, 0, 2476, 47.50
96, 0, 2476, 47.76
96, 0, 2476, 47.71
95, 0, 2476, 47.75
96, 0, 2476, 47.58
96, 0, 2476, 47.80
96, 0, 2476, 47.69
96, 0, 2476, 47.86
96, 0, 2476, 47.96
96, 0, 2476, 47.88
96, 0, 2476, 47.75
95, 0, 2476, 47.80
96, 0, 2476, 47.83
95, 0, 2476, 48.00
96, 0, 2476, 48.05
95, 0, 2476, 48.07
96, 0, 2476, 47.97
95, 0, 2476, 48.08
96, 0, 2476, 48.06
96, 0, 2476, 47.75
96, 0, 2476, 46.80
96, 0, 2470, 44.60
0, 0, 2411, 21.06
0, 0, 2411, 17.99
0, 0, 2411, 17.33
0, 0, 2411, 17.28
0, 0, 2411, 17.23
0, 0, 2411, 17.14
0, 0, 2411, 17.07
0, 0, 2411, 16.96
0, 0, 2411, 16.94
0, 0, 2411, 16.92
0, 0, 2411, 16.86
0, 0, 2411, 16.81
0, 0, 2411, 16.76
0, 0, 2411, 16.72
0, 0, 2411, 16.69
0, 0, 2411, 16.64
0, 0, 2411, 16.61
0, 0, 2411, 16.65
0, 0, 2411, 16.65
0, 0, 2411, 16.59
0, 0, 2411, 16.54
0, 0, 2411, 16.48
0, 0, 2411, 16.47
0, 0, 2411, 16.45
0, 0, 2411, 16.41
0, 0, 2411, 16.37
0, 0, 2411, 16.33
0, 0, 2411, 16.31
0, 0, 2411, 16.28
0, 0, 2411, 16.23
0, 0, 2411, 16.23
0, 0, 2411, 16.24
0, 0, 2411, 16.23
0, 0, 2411, 16.17
0, 0, 2411, 16.14
0, 0, 2411, 16.11
0, 0, 2411, 16.08
0, 0, 2411, 16.16
0, 0, 2411, 16.17
0, 0, 2411, 16.17
0, 0, 2411, 16.92
0, 0, 2411, 17.24
0, 0, 2411, 16.57
0, 0, 2405, 16.15
0, 0, 2405, 16.53
0, 0, 2405, 16.36
0, 0, 2405, 16.36
0, 0, 2405, 16.36
0, 0, 2405, 16.19
0, 0, 2405, 16.01
0, 0, 2405, 16.27
0, 0, 2405, 16.13
0, 0, 2405, 16.13
0, 0, 2405, 16.05
0, 0, 2405, 16.33
0, 0, 2405, 16.26
0, 0, 2405, 16.22
0, 0, 2405, 16.42
0, 0, 2405, 16.23
0, 0, 2405, 15.92
0, 0, 2405, 15.85
0, 0, 2405, 15.88
0, 0, 2405, 15.85
17, 0, 2411, 17.31
6, 0, 2405, 16.91
0, 0, 2405, 15.84
0, 0, 2405, 15.84
0, 0, 2405, 15.80
0, 0, 2405, 15.78
0, 0, 2405, 15.77
0, 0, 2405, 15.75
0, 0, 2405, 15.77
0, 0, 2405, 15.76
0, 0, 2405, 15.74
0, 0, 2405, 15.69
0, 0, 2405, 15.70
0, 0, 2405, 15.67
0, 0, 2405, 15.64
0, 0, 2405, 15.67
0, 0, 2405, 15.67
0, 0, 2405, 15.69
0, 0, 2405, 15.69
0, 0, 2405, 15.64
0, 0, 2405, 15.65
0, 0, 2405, 15.63
0, 0, 2405, 15.60
0, 0, 2405, 15.59
0, 0, 2405, 15.60
0, 0, 2405, 15.60
0, 0, 2405, 15.54
0, 0, 2405, 15.57
0, 0, 2405, 15.55
0, 0, 2405, 15.57
0, 0, 2405, 15.55
0, 0, 2405, 15.56
0, 0, 2405, 15.49
0, 0, 2405, 15.35
0, 0, 2405, 15.34
0, 0, 2405, 15.32
0, 0, 2405, 15.32
0, 0, 2405, 15.30
0, 0, 2405, 15.31
0, 0, 2405, 15.33
0, 0, 2405, 15.30
0, 0, 2405, 15.27
0, 0, 2405, 15.31
0, 0, 2405, 15.35
0, 0, 2405, 15.33
0, 0, 2405, 15.33
0, 0, 2405, 15.31
0, 0, 2405, 15.31
0, 0, 2405, 15.32
0, 0, 2405, 15.27
0, 0, 2405, 15.28
0, 0, 2405, 15.30
0, 0, 2405, 15.24
0, 0, 2405, 15.25
0, 0, 2405, 15.25
0, 0, 2405, 15.24
0, 0, 2405, 15.26
0, 0, 2405, 15.27
0, 0, 2405, 15.27
0, 0, 2405, 15.22
0, 0, 2405, 15.23
0, 0, 2405, 15.23
0, 0, 2405, 15.22
0, 0, 2405, 15.20
0, 0, 2405, 15.18
0, 0, 2405, 15.18
0, 0, 2405, 15.19
0, 0, 2405, 15.21
0, 0, 2405, 15.20
0, 0, 2405, 15.19
0, 0, 2405, 15.19
0, 0, 2405, 15.19
0, 0, 2405, 15.19
0, 0, 2405, 15.19
0, 0, 2405, 15.19
0, 0, 2405, 15.19
0, 0, 2405, 15.17
0, 0, 2405, 15.16
0, 0, 2405, 15.17
0, 0, 2405, 15.15
0, 0, 2405, 15.15
0, 0, 2405, 15.13
0, 0, 2405, 15.12
0, 0, 2405, 15.12
0, 0, 2405, 15.12
0, 0, 2405, 15.12
0, 0, 2405, 15.11
0, 0, 2405, 15.13
0, 0, 2405, 15.11
0, 0, 2405, 15.11
0, 0, 2405, 15.13
0, 0, 2405, 15.10
0, 0, 2405, 15.13
0, 0, 2405, 15.11
0, 0, 2405, 15.11
0, 0, 2405, 15.11
0, 0, 2405, 15.12
0, 0, 2405, 15.11
0, 0, 2405, 15.10
0, 0, 2405, 15.10
0, 0, 2405, 15.10
0, 0, 2405, 15.07
0, 0, 2405, 15.10
0, 0, 2405, 15.08
0, 0, 2405, 15.07
0, 0, 2405, 15.05
0, 0, 2405, 15.03
0, 0, 2405, 15.05
0, 0, 2405, 15.03
0, 0, 2405, 15.03
0, 0, 2405, 15.03
0, 0, 2405, 15.01
0, 0, 2405, 15.02
0, 0, 2405, 15.03
0, 0, 2405, 15.03
0, 0, 2405, 15.02
0, 0, 2405, 14.98
0, 0, 2405, 15.00
0, 0, 2405, 15.01
0, 0, 2405, 14.99
0, 0, 2405, 14.99
0, 0, 2405, 14.99
0, 0, 2405, 14.99
0, 0, 2405, 14.97
0, 0, 2405, 14.96
0, 0, 2405, 14.95
0, 0, 2405, 14.95
0, 0, 2405, 14.96
0, 0, 2405, 14.99
0, 0, 2405, 14.96
0, 0, 2405, 14.93
0, 0, 2405, 14.94
0, 0, 2405, 14.93
0, 0, 2405, 14.94
0, 0, 2405, 14.94
0, 0, 2405, 14.91
0, 0, 2405, 14.92
0, 0, 2405, 14.91
0, 0, 2405, 14.90
0, 0, 2405, 14.91
0, 0, 2405, 14.90
0, 0, 2405, 14.90
0, 0, 2405, 14.89
0, 0, 2405, 14.90
0, 0, 2405, 14.91
0, 0, 2405, 14.90
0, 0, 2405, 14.89
0, 0, 2405, 14.89
0, 0, 2405, 14.88
0, 0, 2405, 14.89
0, 0, 2405, 14.89
0, 0, 2405, 14.88
0, 0, 2405, 14.86
0, 0, 2405, 14.86
0, 0, 2405, 14.88
0, 0, 2405, 14.86
0, 0, 2405, 14.84
0, 0, 2405, 14.85
0, 0, 2405, 14.83
0, 0, 2405, 14.82
0, 0, 2405, 14.84
0, 0, 2405, 14.81
0, 0, 2405, 14.82
0, 0, 2405, 14.83
0, 0, 2405, 14.85
0, 0, 2405, 14.85
0, 0, 2405, 14.84
0, 0, 2405, 14.82
0, 0, 2405, 14.80
0, 0, 2405, 14.81
0, 0, 2405, 14.80
0, 0, 2405, 14.81
0, 0, 2405, 14.79
0, 0, 2405, 14.79
0, 0, 2405, 14.80
0, 0, 2405, 14.80
0, 0, 2405, 14.79
0, 0, 2405, 14.79
0, 0, 2405, 14.78
0, 0, 2405, 14.80
0, 0, 2405, 14.78
0, 0, 2405, 14.78
0, 0, 2405, 14.76
0, 0, 2405, 14.76
0, 0, 2405, 14.76
0, 0, 2405, 14.75
0, 0, 2405, 14.77
0, 0, 2405, 14.76
0, 0, 2405, 14.77
0, 0, 2405, 14.76
0, 0, 2405, 14.75
0, 0, 2405, 14.73
0, 0, 2405, 14.74
0, 0, 2405, 14.73
0, 0, 2405, 14.76
0, 0, 2405, 14.75
0, 0, 2405, 14.74
0, 0, 2405, 14.74
0, 0, 2405, 14.74
0, 0, 2405, 14.74
0, 0, 2405, 14.74
0, 0, 2405, 14.72
0, 0, 2405, 14.72
0, 0, 2405, 14.71
0, 0, 2405, 14.72
0, 0, 2405, 14.71
0, 0, 2405, 14.72
0, 0, 2405, 14.71
0, 0, 2405, 14.71
0, 0, 2405, 14.68
0, 0, 2405, 14.69
0, 0, 2405, 14.68
0, 0, 2405, 14.69
0, 0, 2405, 14.69
0, 0, 2405, 14.69
0, 0, 2405, 14.68
0, 0, 2405, 14.69
0, 0, 2405, 14.67
0, 0, 2405, 14.66
0, 0, 2405, 14.67
0, 0, 2405, 14.66
0, 0, 2405, 14.68
0, 0, 2405, 14.66
0, 0, 2405, 14.67
0, 0, 2405, 14.67
0, 0, 2405, 14.65
0, 0, 2405, 14.65
0, 0, 2405, 14.66
0, 0, 2405, 14.67
0, 0, 2405, 14.65
0, 0, 2405, 14.66
0, 0, 2405, 14.63
0, 0, 2405, 14.63
0, 0, 2405, 14.63
0, 0, 2405, 14.63
0, 0, 2405, 14.64
0, 0, 2405, 14.62
0, 0, 2405, 14.59
0, 0, 2405, 14.59
0, 0, 2405, 14.63
0, 0, 2405, 14.61
0, 0, 2405, 14.59
0, 0, 2405, 14.58
0, 0, 2405, 14.61
0, 0, 2405, 14.60
0, 0, 2405, 14.58
0, 0, 2405, 14.59
0, 0, 2405, 14.58
0, 0, 2405, 14.60
0, 0, 2405, 14.59
0, 0, 2405, 14.59
0, 0, 2405, 14.58
0, 0, 2405, 14.58
0, 0, 2405, 14.59
0, 0, 2405, 14.58
0, 0, 2405, 14.58
0, 0, 2405, 14.58
0, 0, 2405, 14.58
0, 0, 2405, 14.58
0, 0, 2405, 14.57
0, 0, 2405, 14.57
0, 0, 2405, 14.57
0, 0, 2405, 14.56
0, 0, 2405, 14.56
0, 0, 2405, 14.54
0, 0, 2405, 14.55
0, 0, 2405, 14.57
0, 0, 2405, 14.56
0, 0, 2405, 14.55
0, 0, 2405, 14.56
0, 0, 2405, 14.55
0, 0, 2405, 14.54
0, 0, 2405, 14.55
0, 0, 2405, 14.55
0, 0, 2405, 14.56
0, 0, 2405, 14.55
0, 0, 2405, 14.55
0, 0, 2405, 14.55
0, 0, 2405, 14.56
0, 0, 2405, 14.53
0, 0, 2405, 14.54
0, 0, 2405, 14.54
0, 0, 2405, 14.53
0, 0, 2405, 14.52
0, 0, 2405, 14.52
0, 0, 2405, 14.52
0, 0, 2405, 14.52
0, 0, 2405, 14.52
0, 0, 2405, 14.51
0, 0, 2405, 14.52
0, 0, 2405, 14.53
0, 0, 2405, 14.51
0, 0, 2405, 14.50
0, 0, 2405, 14.51
0, 0, 2405, 14.52
0, 0, 2405, 14.50
0, 0, 2405, 14.52
0, 0, 2405, 14.51
0, 0, 2405, 14.52
0, 0, 2405, 14.51
0, 0, 2405, 14.54
0, 0, 2405, 14.52
0, 0, 2405, 14.52
0, 0, 2405, 14.51
0, 0, 2405, 14.52
0, 0, 2405, 14.50
0, 0, 2405, 14.49
0, 0, 2405, 14.51
0, 0, 2405, 14.50
0, 0, 2405, 14.50
0, 0, 2405, 14.49
0, 0, 2405, 14.52
0, 0, 2405, 14.49
0, 0, 2405, 14.48
0, 0, 2405, 14.48
0, 0, 2405, 14.49
0, 0, 2405, 14.51
0, 0, 2405, 14.51
0, 0, 2405, 14.50
